EmployeeID,Age,Gender,Department,JobRole,Education,MaritalStatus
1,41,Female,Sales,Sales Executive,2,Single
2,49,Male,Research & Development,Research Scientist,1,Married
4,37,Male,Research & Development,Laboratory Technician,2,Single
5,33,Female,Research & Development,Research Scientist,4,Married
7,27,Male,Research & Development,Laboratory Technician,1,Married
8,32,Male,Research & Development,Laboratory Technician,2,Single
10,59,Female,Research & Development,Laboratory Technician,3,Married
11,30,Male,Research & Development,Laboratory Technician,1,Divorced
12,38,Male,Research & Development,Manufacturing Director,3,Single
13,36,Male,Research & Development,Healthcare Representative,3,Married
14,35,Male,Research & Development,Laboratory Technician,3,Married
15,29,Female,Research & Development,Laboratory Technician,2,Single
16,31,Male,Research & Development,Research Scientist,1,Divorced
18,34,Male,Research & Development,Laboratory Technician,2,Divorced
19,28,Male,Research & Development,Laboratory Technician,3,Single
20,29,Female,Research & Development,Manufacturing Director,4,Divorced
21,32,Male,Research & Development,Research Scientist,2,Divorced
22,22,Male,Research & Development,Laboratory Technician,2,Divorced
23,53,Female,Sales,Manager,4,Married
24,38,Male,Research & Development,Research Scientist,3,Single
26,24,Female,Research & Development,Manufacturing Director,2,Divorced
27,36,Male,Sales,Sales Representative,4,Single
28,34,Female,Research & Development,Research Director,4,Single
30,21,Male,Research & Development,Research Scientist,2,Single
31,34,Male,Research & Development,Research Scientist,1,Single
32,53,Female,Research & Development,Manager,3,Divorced
33,32,Female,Research & Development,Research Scientist,1,Single
35,42,Male,Sales,Sales Executive,4,Married
36,44,Female,Research & Development,Healthcare Representative,4,Married
38,46,Female,Sales,Manager,4,Single
39,33,Male,Research & Development,Laboratory Technician,3,Single
40,44,Male,Research & Development,Healthcare Representative,4,Married
41,30,Male,Research & Development,Laboratory Technician,2,Single
42,39,Male,Sales,Sales Representative,3,Married
45,24,Male,Research & Development,Research Scientist,3,Married
46,43,Female,Research & Development,Research Scientist,2,Divorced
47,50,Male,Sales,Sales Representative,2,Married
49,35,Female,Sales,Sales Representative,3,Married
51,36,Female,Research & Development,Research Scientist,4,Married
52,33,Female,Sales,Sales Executive,3,Married
53,35,Male,Research & Development,Laboratory Technician,2,Divorced
54,27,Female,Research & Development,Laboratory Technician,4,Divorced
55,26,Male,Research & Development,Laboratory Technician,3,Single
56,27,Male,Sales,Sales Executive,3,Single
57,30,Female,Research & Development,Laboratory Technician,2,Single
58,41,Female,Research & Development,Research Director,3,Married
60,34,Male,Sales,Sales Executive,4,Single
61,37,Male,Research & Development,Research Scientist,2,Married
62,46,Male,Sales,Sales Executive,4,Single
63,35,Male,Research & Development,Laboratory Technician,1,Married
64,48,Male,Research & Development,Laboratory Technician,2,Single
65,28,Male,Research & Development,Laboratory Technician,4,Single
68,44,Female,Sales,Sales Executive,5,Divorced
70,35,Male,Research & Development,Healthcare Representative,2,Married
72,26,Female,Sales,Sales Executive,3,Married
73,33,Female,Research & Development,Research Director,2,Single
74,35,Male,Sales,Sales Executive,5,Married
75,35,Female,Research & Development,Laboratory Technician,4,Married
76,31,Male,Research & Development,Laboratory Technician,4,Divorced
77,37,Male,Research & Development,Manufacturing Director,4,Divorced
78,32,Male,Research & Development,Manufacturing Director,3,Married
79,38,Female,Research & Development,Laboratory Technician,5,Single
80,50,Female,Research & Development,Research Director,2,Divorced
81,59,Female,Sales,Sales Executive,3,Single
83,36,Female,Research & Development,Healthcare Representative,3,Divorced
84,55,Female,Research & Development,Manager,3,Divorced
85,36,Male,Research & Development,Manufacturing Director,3,Single
86,45,Male,Research & Development,Research Scientist,3,Divorced
88,35,Male,Research & Development,Research Scientist,3,Married
90,36,Male,Research & Development,Research Scientist,3,Married
91,59,Female,Sales,Sales Executive,1,Single
94,29,Male,Research & Development,Research Scientist,3,Married
95,31,Male,Research & Development,Research Scientist,4,Single
96,32,Male,Research & Development,Research Scientist,3,Married
97,36,Female,Research & Development,Laboratory Technician,3,Married
98,31,Female,Research & Development,Manufacturing Director,4,Single
100,35,Male,Sales,Sales Executive,4,Single
101,45,Male,Research & Development,Research Director,4,Married
102,37,Male,Research & Development,Research Director,4,Single
103,46,Male,Human Resources,Human Resources,2,Divorced
104,30,Male,Research & Development,Laboratory Technician,1,Married
105,35,Male,Research & Development,Research Scientist,3,Single
106,55,Male,Sales,Sales Executive,2,Married
107,38,Female,Research & Development,Research Scientist,3,Divorced
110,34,Male,Research & Development,Manufacturing Director,2,Married
112,56,Male,Research & Development,Manufacturing Director,3,Single
113,23,Male,Sales,Sales Representative,1,Divorced
116,51,Male,Research & Development,Laboratory Technician,4,Married
117,30,Male,Research & Development,Healthcare Representative,3,Married
118,46,Male,Sales,Sales Executive,2,Single
119,40,Male,Research & Development,Healthcare Representative,4,Married
120,51,Male,Sales,Sales Executive,4,Single
121,30,Female,Sales,Sales Executive,2,Divorced
124,46,Male,Research & Development,Healthcare Representative,3,Married
125,32,Male,Sales,Sales Executive,4,Single
126,54,Female,Research & Development,Research Director,4,Married
128,24,Female,Sales,Sales Executive,2,Married
129,28,Male,Sales,Sales Executive,3,Married
131,58,Male,Sales,Sales Executive,4,Single
132,44,Male,Research & Development,Laboratory Technician,3,Married
133,37,Male,Human Resources,Human Resources,4,Divorced
134,32,Male,Research & Development,Research Scientist,1,Single
137,20,Female,Research & Development,Laboratory Technician,3,Single
138,34,Female,Research & Development,Research Scientist,4,Single
139,37,Male,Research & Development,Healthcare Representative,2,Divorced
140,59,Female,Human Resources,Manager,4,Married
141,50,Female,Research & Development,Research Director,3,Married
142,25,Male,Sales,Sales Executive,3,Single
143,25,Male,Research & Development,Research Scientist,1,Married
144,22,Female,Research & Development,Laboratory Technician,3,Single
145,51,Female,Research & Development,Healthcare Representative,4,Single
147,34,Male,Research & Development,Laboratory Technician,3,Single
148,54,Female,Human Resources,Manager,3,Single
150,24,Male,Research & Development,Laboratory Technician,1,Married
151,34,Female,Research & Development,Research Scientist,4,Divorced
152,37,Male,Sales,Sales Executive,3,Single
153,34,Female,Research & Development,Manager,3,Single
154,36,Female,Sales,Sales Executive,2,Married
155,36,Female,Research & Development,Laboratory Technician,2,Divorced
158,43,Male,Sales,Manager,2,Married
159,30,Male,Research & Development,Research Scientist,3,Divorced
160,33,Male,Sales,Sales Executive,2,Married
161,56,Female,Research & Development,Research Scientist,4,Married
162,51,Male,Research & Development,Research Director,3,Single
163,31,Male,Sales,Sales Executive,4,Married
164,26,Female,Research & Development,Research Scientist,3,Married
165,58,Female,Research & Development,Healthcare Representative,4,Married
167,19,Male,Sales,Sales Representative,1,Single
169,22,Male,Research & Development,Laboratory Technician,1,Married
170,49,Female,Research & Development,Manufacturing Director,4,Married
171,43,Female,Research & Development,Research Scientist,3,Single
174,50,Female,Sales,Sales Executive,3,Single
175,31,Female,Sales,Sales Executive,3,Married
176,41,Male,Sales,Sales Executive,1,Divorced
177,26,Female,Human Resources,Human Resources,1,Married
178,36,Male,Research & Development,Manufacturing Director,2,Divorced
179,51,Male,Research & Development,Manufacturing Director,4,Single
182,39,Female,Sales,Sales Executive,4,Married
183,25,Male,Sales,Sales Executive,3,Married
184,30,Male,Human Resources,Human Resources,3,Married
190,32,Female,Research & Development,Laboratory Technician,3,Single
192,45,Male,Research & Development,Research Scientist,3,Single
193,38,Female,Research & Development,Research Scientist,5,Single
194,30,Female,Research & Development,Research Scientist,3,Single
195,32,Male,Sales,Sales Executive,2,Divorced
197,30,Female,Research & Development,Research Scientist,3,Divorced
198,30,Male,Research & Development,Laboratory Technician,1,Single
199,41,Male,Research & Development,Manager,3,Divorced
200,41,Male,Research & Development,Laboratory Technician,4,Married
201,19,Female,Research & Development,Laboratory Technician,1,Single
202,40,Female,Research & Development,Research Scientist,3,Divorced
204,35,Male,Sales,Sales Executive,5,Married
205,53,Male,Sales,Sales Representative,2,Married
206,45,Male,Research & Development,Laboratory Technician,3,Divorced
207,32,Female,Sales,Sales Executive,3,Single
208,29,Male,Research & Development,Manufacturing Director,1,Married
211,51,Male,Research & Development,Manufacturing Director,4,Married
214,58,Female,Research & Development,Research Scientist,3,Married
215,40,Male,Sales,Sales Executive,4,Married
216,34,Female,Sales,Sales Representative,4,Married
217,22,Male,Research & Development,Research Scientist,1,Married
218,27,Male,Research & Development,Research Scientist,3,Divorced
221,28,Male,Research & Development,Research Scientist,3,Married
223,57,Male,Research & Development,Healthcare Representative,2,Divorced
224,27,Male,Research & Development,Research Scientist,3,Divorced
226,50,Female,Research & Development,Manager,3,Single
227,41,Male,Research & Development,Research Scientist,3,Divorced
228,30,Female,Sales,Sales Executive,3,Married
230,38,Female,Sales,Sales Executive,4,Single
231,32,Male,Research & Development,Research Scientist,5,Single
233,27,Male,Research & Development,Research Scientist,3,Married
235,19,Female,Sales,Sales Representative,1,Single
238,36,Male,Research & Development,Laboratory Technician,2,Single
239,30,Male,Research & Development,Laboratory Technician,3,Divorced
240,45,Female,Sales,Sales Executive,2,Divorced
241,56,Female,Research & Development,Research Scientist,3,Divorced
242,33,Male,Research & Development,Research Scientist,3,Single
243,19,Male,Research & Development,Laboratory Technician,3,Single
244,46,Female,Sales,Sales Executive,2,Divorced
245,38,Female,Research & Development,Laboratory Technician,2,Single
246,31,Female,Research & Development,Research Scientist,1,Married
247,34,Female,Research & Development,Research Scientist,2,Single
248,41,Female,Sales,Sales Representative,2,Single
249,50,Male,Research & Development,Laboratory Technician,3,Married
250,53,Female,Research & Development,Manufacturing Director,2,Divorced
252,33,Female,Research & Development,Research Scientist,3,Married
253,40,Female,Research & Development,Manager,1,Married
254,55,Male,Research & Development,Research Director,4,Single
256,34,Male,Research & Development,Manufacturing Director,1,Married
258,51,Female,Research & Development,Healthcare Representative,3,Single
259,52,Male,Research & Development,Manager,4,Married
260,27,Female,Research & Development,Research Scientist,3,Single
261,35,Male,Research & Development,Manufacturing Director,2,Married
262,43,Male,Research & Development,Research Scientist,3,Divorced
264,45,Male,Research & Development,Manager,2,Married
267,37,Male,Research & Development,Research Scientist,3,Married
269,35,Female,Research & Development,Laboratory Technician,3,Single
270,42,Female,Research & Development,Manufacturing Director,2,Divorced
271,38,Male,Research & Development,Manufacturing Director,4,Married
273,38,Male,Research & Development,Manufacturing Director,3,Married
274,27,Male,Research & Development,Manufacturing Director,1,Married
275,49,Male,Research & Development,Manufacturing Director,4,Divorced
277,34,Male,Research & Development,Research Scientist,4,Divorced
281,40,Male,Research & Development,Laboratory Technician,2,Married
282,38,Male,Research & Development,Healthcare Representative,1,Married
283,29,Female,Sales,Sales Executive,3,Married
284,22,Male,Research & Development,Research Scientist,3,Divorced
286,36,Female,Research & Development,Laboratory Technician,1,Single
287,40,Male,Research & Development,Healthcare Representative,5,Married
288,46,Male,Research & Development,Healthcare Representative,4,Divorced
291,32,Male,Sales,Sales Executive,4,Married
292,30,Male,Research & Development,Manufacturing Director,1,Single
293,27,Female,Sales,Sales Executive,3,Single
296,51,Male,Research & Development,Research Director,4,Married
297,30,Female,Research & Development,Research Scientist,3,Single
298,41,Female,Sales,Manager,3,Single
299,30,Female,Sales,Sales Executive,4,Single
300,29,Male,Research & Development,Research Scientist,3,Single
302,45,Female,Sales,Sales Executive,3,Single
303,54,Female,Sales,Sales Executive,3,Married
304,36,Male,Research & Development,Laboratory Technician,2,Single
305,33,Female,Research & Development,Research Scientist,4,Married
306,37,Male,Research & Development,Research Director,3,Divorced
307,38,Male,Sales,Sales Executive,3,Divorced
308,31,Male,Research & Development,Manufacturing Director,4,Married
309,59,Male,Research & Development,Research Scientist,3,Married
311,37,Male,Sales,Sales Representative,4,Divorced
312,29,Female,Sales,Sales Executive,1,Married
314,35,Female,Sales,Sales Executive,3,Single
315,29,Male,Research & Development,Research Scientist,1,Single
316,52,Female,Research & Development,Laboratory Technician,3,Single
319,42,Male,Research & Development,Manager,2,Married
321,59,Male,Human Resources,Human Resources,2,Married
323,50,Female,Sales,Manager,4,Divorced
325,33,Male,Research & Development,Laboratory Technician,3,Married
327,43,Female,Sales,Manager,3,Married
328,33,Female,Research & Development,Laboratory Technician,2,Married
329,52,Male,Sales,Manager,4,Single
330,32,Female,Sales,Sales Representative,2,Married
331,32,Male,Research & Development,Laboratory Technician,3,Single
332,39,Female,Research & Development,Laboratory Technician,4,Divorced
333,32,Male,Sales,Sales Executive,4,Married
334,41,Male,Research & Development,Research Scientist,2,Divorced
335,40,Male,Research & Development,Research Scientist,2,Divorced
336,45,Male,Research & Development,Manager,3,Married
337,31,Male,Research & Development,Research Director,4,Divorced
338,33,Female,Research & Development,Research Scientist,4,Married
339,34,Male,Research & Development,Manufacturing Director,4,Married
340,37,Female,Research & Development,Research Scientist,2,Married
341,45,Male,Research & Development,Manufacturing Director,4,Married
342,37,Male,Research & Development,Manufacturing Director,3,Divorced
343,39,Female,Research & Development,Healthcare Representative,4,Single
346,29,Male,Research & Development,Research Scientist,3,Single
347,42,Female,Research & Development,Research Scientist,2,Single
349,29,Male,Sales,Sales Executive,2,Divorced
350,25,Female,Research & Development,Manufacturing Director,3,Married
351,42,Female,Research & Development,Laboratory Technician,3,Divorced
352,40,Male,Research & Development,Research Director,2,Divorced
353,51,Male,Research & Development,Research Scientist,3,Married
355,31,Male,Research & Development,Laboratory Technician,2,Single
359,32,Male,Research & Development,Laboratory Technician,3,Married
361,38,Male,Sales,Sales Executive,2,Married
362,32,Male,Research & Development,Laboratory Technician,1,Single
363,46,Female,Sales,Manager,3,Married
364,28,Male,Research & Development,Laboratory Technician,4,Single
366,29,Male,Sales,Sales Executive,3,Married
367,31,Male,Research & Development,Healthcare Representative,3,Married
369,25,Male,Research & Development,Healthcare Representative,2,Divorced
372,45,Male,Research & Development,Healthcare Representative,2,Married
373,36,Male,Research & Development,Laboratory Technician,3,Married
374,55,Male,Research & Development,Manager,3,Single
376,47,Male,Research & Development,Manager,4,Married
377,28,Male,Research & Development,Research Scientist,3,Married
378,37,Male,Sales,Sales Executive,4,Married
379,21,Male,Research & Development,Research Scientist,2,Single
380,37,Female,Research & Development,Research Director,4,Divorced
381,35,Female,Research & Development,Manager,3,Divorced
382,38,Female,Sales,Sales Executive,2,Divorced
384,26,Female,Research & Development,Manufacturing Director,3,Divorced
385,50,Male,Research & Development,Research Director,1,Divorced
386,53,Male,Research & Development,Research Director,4,Married
387,42,Male,Sales,Sales Executive,1,Married
388,29,Male,Sales,Sales Executive,2,Single
389,55,Male,Research & Development,Laboratory Technician,2,Married
390,26,Male,Research & Development,Healthcare Representative,2,Married
391,37,Female,Research & Development,Research Scientist,3,Single
392,44,Male,Research & Development,Laboratory Technician,3,Divorced
393,38,Male,Research & Development,Healthcare Representative,4,Divorced
394,26,Male,Research & Development,Laboratory Technician,4,Divorced
395,28,Female,Research & Development,Research Scientist,2,Single
396,49,Female,Research & Development,Research Director,4,Single
397,36,Male,Research & Development,Research Scientist,3,Single
399,31,Female,Sales,Sales Representative,3,Divorced
401,26,Male,Sales,Sales Executive,4,Single
403,37,Male,Research & Development,Research Scientist,3,Married
404,42,Female,Sales,Sales Executive,3,Married
405,18,Male,Research & Development,Laboratory Technician,3,Single
406,35,Male,Sales,Sales Executive,3,Married
407,36,Male,Research & Development,Laboratory Technician,4,Married
408,51,Male,Research & Development,Manufacturing Director,3,Divorced
410,41,Male,Sales,Manager,4,Single
411,18,Female,Sales,Sales Representative,3,Single
412,28,Male,Research & Development,Healthcare Representative,2,Single
416,31,Male,Sales,Sales Executive,3,Married
417,39,Male,Research & Development,Healthcare Representative,3,Divorced
419,36,Female,Research & Development,Laboratory Technician,4,Married
420,32,Male,Sales,Sales Executive,3,Married
421,38,Female,Research & Development,Research Director,2,Married
422,58,Male,Research & Development,Healthcare Representative,4,Divorced
423,31,Male,Research & Development,Research Scientist,4,Married
424,31,Male,Human Resources,Human Resources,3,Married
425,45,Male,Research & Development,Laboratory Technician,3,Divorced
426,31,Male,Research & Development,Research Scientist,4,Divorced
428,33,Female,Research & Development,Manager,4,Married
429,39,Male,Research & Development,Manager,1,Married
430,43,Female,Research & Development,Laboratory Technician,4,Single
431,49,Female,Research & Development,Healthcare Representative,2,Single
433,52,Male,Research & Development,Research Scientist,4,Married
434,27,Female,Research & Development,Research Scientist,3,Single
436,32,Female,Sales,Sales Executive,2,Married
437,27,Male,Sales,Sales Executive,3,Single
438,31,Male,Sales,Sales Executive,3,Divorced
439,32,Female,Research & Development,Research Scientist,4,Single
440,28,Male,Research & Development,Research Scientist,4,Married
441,30,Female,Research & Development,Research Scientist,2,Married
442,31,Female,Research & Development,Manufacturing Director,2,Married
444,39,Male,Research & Development,Manager,2,Married
445,39,Female,Sales,Sales Executive,2,Married
446,33,Male,Sales,Sales Executive,3,Single
447,47,Male,Research & Development,Research Director,5,Married
448,43,Female,Research & Development,Laboratory Technician,4,Divorced
449,27,Male,Sales,Sales Executive,1,Married
450,54,Female,Research & Development,Research Scientist,4,Single
451,43,Female,Research & Development,Healthcare Representative,3,Married
452,45,Male,Research & Development,Research Scientist,4,Married
453,40,Male,Sales,Sales Executive,2,Married
454,29,Male,Research & Development,Laboratory Technician,4,Married
455,29,Male,Research & Development,Laboratory Technician,5,Single
456,30,Female,Sales,Sales Executive,3,Divorced
458,27,Female,Sales,Sales Executive,4,Married
460,37,Male,Research & Development,Manufacturing Director,2,Divorced
461,38,Male,Research & Development,Research Director,2,Divorced
462,31,Female,Research & Development,Manufacturing Director,4,Single
463,29,Female,Sales,Sales Executive,1,Divorced
464,35,Male,Research & Development,Manufacturing Director,4,Single
465,23,Male,Research & Development,Research Scientist,1,Divorced
466,41,Male,Research & Development,Manufacturing Director,3,Single
467,47,Male,Sales,Sales Representative,1,Single
468,42,Female,Research & Development,Research Director,5,Single
469,29,Male,Sales,Sales Executive,3,Married
470,42,Male,Human Resources,Human Resources,1,Divorced
471,32,Female,Research & Development,Laboratory Technician,3,Married
473,48,Female,Sales,Manager,1,Married
474,37,Male,Research & Development,Research Scientist,3,Divorced
475,30,Female,Sales,Sales Executive,2,Married
476,26,Male,Sales,Sales Executive,3,Married
477,42,Male,Research & Development,Healthcare Representative,4,Single
478,21,Female,Sales,Sales Representative,1,Single
479,36,Female,Sales,Sales Executive,5,Single
481,36,Male,Sales,Sales Executive,4,Married
482,57,Male,Research & Development,Healthcare Representative,4,Married
483,40,Female,Research & Development,Laboratory Technician,4,Married
484,21,Male,Sales,Sales Representative,2,Single
485,33,Female,Sales,Sales Representative,3,Single
486,37,Female,Research & Development,Laboratory Technician,3,Married
487,46,Female,Research & Development,Manufacturing Director,4,Married
488,41,Male,Sales,Sales Executive,3,Single
491,50,Male,Research & Development,Healthcare Representative,3,Single
492,40,Male,Sales,Sales Executive,2,Married
493,31,Male,Research & Development,Research Scientist,4,Single
494,21,Female,Sales,Sales Representative,3,Single
495,29,Male,Research & Development,Research Scientist,3,Single
496,35,Male,Research & Development,Healthcare Representative,4,Single
497,27,Male,Research & Development,Laboratory Technician,2,Divorced
498,28,Male,Sales,Sales Executive,4,Single
499,49,Male,Research & Development,Healthcare Representative,3,Single
500,51,Female,Sales,Sales Executive,2,Married
501,36,Female,Research & Development,Research Scientist,3,Married
502,34,Male,Sales,Sales Executive,3,Single
505,55,Female,Research & Development,Manager,3,Single
507,24,Female,Sales,Sales Executive,4,Divorced
508,30,Male,Sales,Sales Representative,1,Married
510,26,Male,Research & Development,Research Scientist,1,Single
511,22,Female,Research & Development,Research Scientist,3,Married
513,36,Male,Sales,Sales Executive,2,Married
514,30,Male,Research & Development,Research Scientist,3,Single
515,37,Female,Research & Development,Laboratory Technician,3,Divorced
516,40,Female,Sales,Sales Executive,2,Divorced
517,42,Female,Research & Development,Laboratory Technician,4,Divorced
518,37,Male,Research & Development,Manufacturing Director,4,Single
520,43,Male,Research & Development,Research Director,3,Divorced
521,40,Female,Research & Development,Laboratory Technician,3,Married
522,54,Male,Research & Development,Research Director,2,Married
523,34,Female,Sales,Sales Executive,4,Married
524,31,Female,Research & Development,Manufacturing Director,2,Married
525,43,Male,Research & Development,Laboratory Technician,3,Married
526,43,Female,Research & Development,Healthcare Representative,4,Divorced
527,25,Female,Sales,Sales Executive,2,Single
529,37,Female,Research & Development,Research Scientist,5,Married
530,31,Male,Research & Development,Laboratory Technician,2,Married
531,39,Male,Research & Development,Manager,1,Divorced
532,56,Female,Sales,Sales Executive,3,Married
533,30,Female,Sales,Sales Executive,3,Single
534,41,Male,Sales,Sales Executive,3,Married
536,28,Male,Research & Development,Laboratory Technician,2,Divorced
538,25,Male,Research & Development,Laboratory Technician,3,Married
543,52,Male,Research & Development,Manufacturing Director,3,Married
544,45,Male,Research & Development,Research Scientist,2,Married
546,52,Female,Research & Development,Manager,2,Married
547,42,Female,Research & Development,Research Scientist,2,Divorced
548,30,Female,Research & Development,Manufacturing Director,3,Single
549,60,Female,Research & Development,Manager,3,Married
550,46,Female,Research & Development,Manufacturing Director,3,Divorced
551,42,Female,Research & Development,Healthcare Representative,4,Married
554,24,Female,Sales,Sales Representative,1,Single
555,34,Female,Sales,Sales Representative,2,Divorced
556,38,Male,Research & Development,Laboratory Technician,2,Married
558,40,Female,Sales,Manager,4,Married
560,26,Female,Research & Development,Research Scientist,3,Divorced
562,30,Male,Research & Development,Laboratory Technician,3,Married
564,29,Male,Research & Development,Research Director,4,Married
565,29,Female,Research & Development,Research Scientist,5,Married
566,19,Male,Human Resources,Human Resources,2,Single
567,30,Female,Sales,Sales Executive,4,Married
568,57,Male,Sales,Manager,3,Divorced
569,50,Male,Research & Development,Manager,4,Married
571,30,Female,Research & Development,Laboratory Technician,3,Single
573,60,Female,Sales,Sales Executive,3,Married
574,47,Female,Research & Development,Manufacturing Director,2,Divorced
575,46,Male,Research & Development,Research Director,3,Married
577,35,Male,Research & Development,Laboratory Technician,3,Single
578,54,Female,Research & Development,Laboratory Technician,4,Single
579,34,Male,Research & Development,Research Scientist,4,Divorced
580,46,Female,Sales,Sales Executive,3,Married
581,31,Male,Research & Development,Manufacturing Director,1,Divorced
582,33,Male,Research & Development,Manager,1,Married
584,33,Male,Research & Development,Laboratory Technician,1,Divorced
585,30,Male,Sales,Sales Representative,1,Single
586,35,Male,Research & Development,Healthcare Representative,3,Married
587,31,Male,Research & Development,Healthcare Representative,3,Married
590,34,Female,Human Resources,Human Resources,3,Divorced
591,42,Male,Research & Development,Laboratory Technician,2,Married
592,36,Male,Sales,Sales Executive,4,Single
593,22,Male,Research & Development,Laboratory Technician,1,Single
595,48,Female,Sales,Sales Executive,5,Married
597,55,Female,Sales,Manager,5,Single
599,41,Male,Sales,Sales Executive,2,Single
600,35,Male,Sales,Sales Executive,3,Married
601,40,Female,Research & Development,Manufacturing Director,3,Single
602,39,Female,Research & Development,Laboratory Technician,1,Married
604,31,Male,Sales,Sales Executive,1,Single
605,42,Male,Research & Development,Manufacturing Director,3,Married
606,45,Male,Sales,Sales Executive,3,Married
608,26,Female,Human Resources,Human Resources,4,Divorced
611,29,Male,Research & Development,Manufacturing Director,3,Divorced
612,33,Female,Research & Development,Research Director,5,Divorced
613,31,Male,Sales,Manager,3,Divorced
614,18,Male,Sales,Sales Representative,3,Single
615,40,Male,Sales,Sales Executive,3,Divorced
616,41,Female,Research & Development,Healthcare Representative,4,Single
618,26,Male,Sales,Sales Executive,2,Divorced
620,35,Female,Sales,Sales Executive,3,Single
621,34,Male,Sales,Sales Executive,4,Single
622,26,Male,Research & Development,Laboratory Technician,3,Single
623,37,Female,Research & Development,Manufacturing Director,3,Single
624,46,Female,Research & Development,Healthcare Representative,1,Married
625,41,Female,Sales,Manager,5,Married
626,37,Male,Sales,Sales Executive,4,Divorced
630,52,Male,Research & Development,Research Scientist,2,Divorced
631,32,Male,Sales,Sales Executive,4,Married
632,24,Male,Sales,Sales Representative,3,Married
634,38,Female,Research & Development,Healthcare Representative,3,Married
635,37,Female,Research & Development,Manufacturing Director,4,Married
638,49,Male,Research & Development,Research Director,4,Divorced
639,24,Male,Research & Development,Research Scientist,3,Married
641,26,Male,Sales,Sales Executive,2,Married
643,24,Male,Research & Development,Laboratory Technician,2,Married
644,50,Male,Human Resources,Manager,3,Married
645,25,Male,Sales,Sales Representative,1,Married
647,24,Female,Research & Development,Laboratory Technician,3,Married
648,30,Male,Sales,Sales Representative,4,Married
649,34,Male,Research & Development,Research Scientist,2,Married
650,31,Male,Sales,Sales Executive,4,Divorced
652,35,Male,Research & Development,Laboratory Technician,2,Single
653,31,Male,Sales,Sales Executive,4,Divorced
655,27,Female,Research & Development,Research Scientist,4,Divorced
656,37,Male,Sales,Sales Executive,3,Married
657,20,Female,Research & Development,Research Scientist,3,Single
659,42,Female,Research & Development,Healthcare Representative,4,Married
661,43,Male,Research & Development,Research Director,4,Divorced
662,38,Female,Research & Development,Research Scientist,1,Single
663,43,Male,Research & Development,Laboratory Technician,5,Divorced
664,48,Female,Research & Development,Manager,4,Married
665,44,Female,Human Resources,Human Resources,4,Single
666,34,Female,Sales,Sales Representative,3,Divorced
667,27,Male,Sales,Sales Representative,1,Divorced
669,21,Male,Sales,Sales Representative,1,Single
671,44,Male,Research & Development,Manager,4,Married
675,22,Male,Research & Development,Research Scientist,1,Married
677,33,Male,Sales,Sales Executive,4,Divorced
679,32,Female,Research & Development,Research Scientist,4,Married
680,30,Female,Research & Development,Research Scientist,3,Divorced
682,53,Female,Sales,Sales Executive,1,Single
683,34,Male,Research & Development,Research Scientist,5,Married
684,45,Female,Sales,Sales Executive,4,Married
686,26,Female,Research & Development,Laboratory Technician,3,Married
689,37,Male,Research & Development,Manufacturing Director,3,Married
690,29,Female,Sales,Sales Executive,2,Married
691,35,Male,Research & Development,Research Scientist,4,Single
692,33,Male,Research & Development,Healthcare Representative,3,Divorced
698,54,Male,Human Resources,Human Resources,4,Married
699,36,Male,Research & Development,Manufacturing Director,2,Divorced
700,27,Male,Research & Development,Research Scientist,4,Single
701,20,Male,Research & Development,Research Scientist,1,Single
702,33,Male,Research & Development,Research Scientist,3,Single
704,35,Male,Research & Development,Laboratory Technician,3,Married
705,23,Male,Research & Development,Research Scientist,3,Married
707,25,Male,Sales,Sales Executive,3,Married
709,38,Female,Sales,Sales Executive,4,Single
710,29,Male,Research & Development,Research Scientist,4,Divorced
712,48,Male,Sales,Sales Executive,1,Married
714,27,Female,Sales,Sales Executive,1,Divorced
715,37,Male,Research & Development,Research Scientist,2,Single
716,50,Male,Research & Development,Laboratory Technician,1,Married
717,34,Female,Research & Development,Healthcare Representative,3,Single
720,24,Female,Sales,Sales Executive,2,Single
721,39,Female,Research & Development,Healthcare Representative,4,Single
722,32,Male,Sales,Sales Executive,3,Single
723,50,Male,Sales,Sales Executive,2,Married
724,38,Female,Research & Development,Healthcare Representative,4,Single
725,27,Female,Research & Development,Manufacturing Director,2,Married
727,32,Female,Research & Development,Research Director,2,Single
728,47,Male,Sales,Sales Executive,4,Single
729,40,Male,Sales,Sales Executive,4,Married
730,53,Male,Research & Development,Research Director,3,Married
731,41,Male,Human Resources,Manager,4,Divorced
732,60,Male,Sales,Sales Executive,4,Single
733,27,Male,Research & Development,Manufacturing Director,2,Divorced
734,41,Male,Human Resources,Manager,3,Married
738,50,Male,Sales,Sales Representative,4,Married
741,28,Female,Research & Development,Research Scientist,2,Single
742,36,Female,Research & Development,Research Director,3,Married
743,38,Female,Research & Development,Manufacturing Director,3,Single
744,44,Male,Research & Development,Laboratory Technician,3,Single
746,47,Female,Sales,Sales Executive,3,Divorced
747,30,Male,Sales,Sales Executive,5,Divorced
749,29,Male,Sales,Sales Representative,3,Single
752,42,Male,Research & Development,Research Scientist,3,Divorced
754,43,Male,Sales,Sales Executive,3,Married
757,34,Female,Research & Development,Healthcare Representative,2,Single
758,23,Male,Research & Development,Laboratory Technician,1,Married
760,39,Female,Human Resources,Human Resources,3,Married
762,56,Male,Research & Development,Healthcare Representative,3,Married
763,40,Female,Research & Development,Research Scientist,1,Single
764,27,Female,Research & Development,Healthcare Representative,3,Single
766,29,Male,Sales,Sales Representative,3,Divorced
769,53,Male,Research & Development,Laboratory Technician,3,Single
771,35,Female,Research & Development,Healthcare Representative,4,Divorced
772,32,Male,Research & Development,Laboratory Technician,4,Married
773,38,Male,Research & Development,Research Scientist,5,Married
775,34,Female,Research & Development,Manufacturing Director,5,Divorced
776,52,Male,Sales,Manager,4,Married
780,33,Male,Research & Development,Research Scientist,4,Single
781,25,Female,Sales,Sales Executive,1,Single
783,45,Male,Sales,Sales Representative,2,Single
784,23,Male,Research & Development,Research Scientist,1,Single
785,47,Female,Sales,Sales Executive,2,Single
786,34,Male,Sales,Sales Executive,3,Single
787,55,Male,Research & Development,Manager,3,Married
789,36,Male,Sales,Sales Executive,4,Single
791,52,Male,Research & Development,Research Scientist,4,Married
792,26,Female,Research & Development,Laboratory Technician,2,Divorced
793,29,Female,Research & Development,Healthcare Representative,3,Married
796,26,Male,Sales,Sales Executive,3,Single
797,34,Female,Research & Development,Research Scientist,4,Single
799,54,Female,Research & Development,Manufacturing Director,4,Divorced
800,27,Male,Sales,Sales Executive,1,Married
802,37,Female,Research & Development,Research Scientist,1,Divorced
803,38,Female,Research & Development,Manufacturing Director,4,Single
804,34,Female,Research & Development,Research Scientist,4,Single
805,35,Female,Sales,Sales Representative,4,Married
806,30,Male,Research & Development,Laboratory Technician,3,Married
807,40,Female,Research & Development,Healthcare Representative,2,Married
808,34,Female,Sales,Sales Executive,2,Married
809,42,Male,Research & Development,Manager,3,Divorced
811,23,Male,Research & Development,Laboratory Technician,3,Married
812,24,Male,Research & Development,Laboratory Technician,3,Divorced
813,52,Female,Research & Development,Laboratory Technician,4,Married
815,50,Male,Research & Development,Research Director,3,Married
816,29,Female,Research & Development,Laboratory Technician,2,Married
817,33,Male,Research & Development,Research Director,3,Married
819,33,Female,Sales,Sales Executive,3,Single
820,47,Female,Research & Development,Manager,2,Married
823,36,Female,Research & Development,Manufacturing Director,3,Married
824,29,Male,Research & Development,Research Scientist,2,Married
825,58,Male,Research & Development,Research Director,4,Single
826,35,Female,Research & Development,Research Scientist,4,Single
827,42,Female,Research & Development,Manufacturing Director,2,Married
828,28,Male,Research & Development,Research Scientist,4,Single
829,36,Male,Human Resources,Human Resources,3,Married
830,32,Female,Research & Development,Manufacturing Director,3,Married
832,40,Male,Research & Development,Laboratory Technician,4,Single
833,30,Female,Research & Development,Manufacturing Director,3,Single
834,45,Female,Research & Development,Research Scientist,3,Single
836,42,Male,Research & Development,Manufacturing Director,3,Married
837,38,Male,Research & Development,Healthcare Representative,3,Divorced
838,34,Female,Research & Development,Research Scientist,4,Single
840,49,Female,Sales,Sales Executive,3,Married
842,55,Male,Sales,Sales Executive,1,Single
843,43,Male,Research & Development,Research Director,2,Married
844,27,Male,Research & Development,Research Director,1,Divorced
845,35,Male,Research & Development,Manufacturing Director,3,Single
846,28,Female,Sales,Sales Executive,4,Married
847,34,Male,Human Resources,Human Resources,2,Married
848,26,Female,Research & Development,Research Scientist,2,Married
850,27,Male,Research & Development,Research Scientist,3,Married
851,51,Female,Sales,Manager,4,Married
852,44,Male,Research & Development,Healthcare Representative,3,Single
854,25,Male,Research & Development,Research Scientist,1,Single
855,33,Male,Sales,Sales Executive,3,Divorced
856,35,Female,Research & Development,Research Scientist,1,Single
857,36,Male,Sales,Sales Executive,2,Married
859,32,Male,Sales,Sales Executive,4,Divorced
861,30,Male,Research & Development,Research Scientist,4,Divorced
862,53,Female,Sales,Sales Executive,2,Married
864,45,Male,Sales,Sales Executive,3,Divorced
865,32,Female,Research & Development,Research Scientist,2,Married
867,52,Female,Research & Development,Manufacturing Director,4,Married
868,37,Male,Sales,Sales Executive,4,Divorced
869,28,Male,Human Resources,Human Resources,2,Divorced
872,22,Male,Research & Development,Manufacturing Director,2,Married
874,44,Male,Research & Development,Laboratory Technician,4,Married
875,42,Male,Research & Development,Research Scientist,1,Single
878,36,Male,Human Resources,Human Resources,3,Married
879,25,Male,Sales,Sales Executive,1,Married
880,35,Female,Research & Development,Manufacturing Director,3,Married
881,35,Female,Research & Development,Research Scientist,4,Divorced
882,32,Male,Research & Development,Laboratory Technician,3,Divorced
885,25,Male,Sales,Sales Executive,1,Married
887,49,Female,Research & Development,Research Scientist,3,Married
888,24,Male,Research & Development,Laboratory Technician,1,Married
889,32,Male,Sales,Sales Executive,2,Married
893,38,Male,Sales,Sales Representative,3,Married
894,42,Female,Research & Development,Laboratory Technician,3,Married
895,31,Male,Research & Development,Research Scientist,4,Married
896,29,Female,Sales,Sales Representative,3,Divorced
897,53,Male,Sales,Sales Executive,3,Married
899,35,Male,Research & Development,Manufacturing Director,3,Married
900,37,Female,Sales,Sales Representative,2,Married
901,53,Female,Research & Development,Research Director,4,Single
902,43,Female,Research & Development,Healthcare Representative,3,Married
903,47,Female,Sales,Sales Executive,2,Married
904,37,Male,Sales,Sales Executive,2,Single
905,50,Male,Research & Development,Manager,4,Divorced
909,39,Female,Human Resources,Human Resources,3,Married
910,33,Male,Human Resources,Human Resources,2,Divorced
911,32,Male,Research & Development,Laboratory Technician,4,Single
912,29,Female,Research & Development,Laboratory Technician,1,Divorced
913,44,Male,Research & Development,Research Scientist,2,Married
916,28,Male,Sales,Sales Executive,4,Single
918,58,Male,Research & Development,Laboratory Technician,1,Divorced
920,43,Female,Research & Development,Manufacturing Director,3,Divorced
922,20,Female,Sales,Sales Representative,3,Single
923,21,Female,Research & Development,Research Scientist,1,Single
924,36,Male,Research & Development,Healthcare Representative,1,Married
925,47,Female,Sales,Sales Representative,4,Single
926,22,Female,Research & Development,Manufacturing Director,1,Married
927,41,Female,Research & Development,Laboratory Technician,4,Divorced
930,28,Female,Research & Development,Research Scientist,3,Divorced
932,39,Male,Research & Development,Laboratory Technician,3,Married
933,27,Female,Research & Development,Research Scientist,3,Single
934,34,Male,Research & Development,Laboratory Technician,3,Divorced
936,42,Female,Sales,Sales Executive,2,Single
939,33,Male,Research & Development,Research Scientist,4,Single
940,58,Female,Research & Development,Healthcare Representative,3,Divorced
941,31,Male,Sales,Sales Representative,4,Married
942,35,Female,Research & Development,Healthcare Representative,1,Married
944,49,Female,Research & Development,Laboratory Technician,2,Married
945,48,Male,Research & Development,Research Scientist,4,Married
947,31,Female,Sales,Sales Executive,2,Married
949,36,Male,Research & Development,Research Scientist,4,Single
950,38,Female,Research & Development,Research Director,3,Married
951,32,Female,Research & Development,Laboratory Technician,3,Married
952,25,Male,Sales,Sales Representative,2,Married
954,40,Male,Sales,Sales Executive,4,Divorced
956,26,Male,Sales,Sales Executive,3,Single
957,41,Male,Research & Development,Laboratory Technician,3,Single
958,36,Male,Research & Development,Laboratory Technician,4,Single
959,19,Male,Sales,Sales Representative,3,Single
960,20,Male,Research & Development,Laboratory Technician,3,Single
961,31,Female,Research & Development,Healthcare Representative,3,Married
964,40,Male,Research & Development,Research Scientist,4,Divorced
966,32,Female,Research & Development,Manufacturing Director,4,Married
967,36,Male,Sales,Sales Executive,1,Married
969,33,Female,Research & Development,Healthcare Representative,3,Single
970,37,Male,Sales,Sales Executive,4,Married
972,45,Male,Research & Development,Laboratory Technician,2,Married
974,29,Female,Sales,Sales Representative,3,Married
975,35,Female,Sales,Sales Executive,3,Married
976,52,Male,Research & Development,Manager,2,Married
977,58,Male,Research & Development,Research Scientist,3,Single
981,53,Male,Sales,Manager,2,Divorced
982,30,Male,Sales,Sales Executive,2,Divorced
983,38,Female,Sales,Sales Executive,3,Single
984,35,Male,Sales,Sales Executive,4,Divorced
985,39,Male,Sales,Sales Executive,5,Single
986,40,Female,Sales,Sales Executive,3,Single
987,47,Male,Research & Development,Manufacturing Director,4,Divorced
990,36,Male,Sales,Sales Executive,4,Divorced
991,31,Male,Research & Development,Research Scientist,2,Single
992,33,Male,Sales,Manager,3,Single
994,29,Female,Research & Development,Research Scientist,3,Single
995,33,Female,Research & Development,Research Scientist,1,Single
996,45,Female,Research & Development,Laboratory Technician,4,Divorced
997,50,Male,Research & Development,Research Director,2,Divorced
998,33,Female,Research & Development,Healthcare Representative,4,Married
999,41,Male,Research & Development,Research Director,3,Divorced
1001,27,Female,Research & Development,Laboratory Technician,4,Married
1002,45,Male,Research & Development,Laboratory Technician,2,Married
1003,47,Female,Sales,Sales Executive,2,Single
1004,30,Female,Research & Development,Research Scientist,3,Married
1005,50,Male,Research & Development,Manufacturing Director,3,Married
1006,38,Male,Research & Development,Research Scientist,1,Married
1007,46,Male,Research & Development,Manufacturing Director,2,Divorced
1009,24,Female,Research & Development,Manufacturing Director,1,Divorced
1010,35,Male,Research & Development,Laboratory Technician,4,Divorced
1011,31,Female,Research & Development,Manufacturing Director,1,Married
1012,18,Male,Research & Development,Research Scientist,2,Single
1013,54,Female,Research & Development,Manufacturing Director,3,Married
1014,35,Female,Research & Development,Healthcare Representative,4,Divorced
1015,30,Female,Research & Development,Research Director,2,Married
1016,20,Female,Research & Development,Research Scientist,3,Single
1017,30,Female,Research & Development,Laboratory Technician,3,Single
1018,26,Male,Research & Development,Manufacturing Director,2,Married
1019,22,Male,Research & Development,Laboratory Technician,1,Married
1022,48,Male,Research & Development,Healthcare Representative,3,Single
1024,48,Male,Research & Development,Healthcare Representative,4,Single
1025,41,Female,Research & Development,Manufacturing Director,2,Single
1026,39,Female,Research & Development,Manufacturing Director,1,Married
1027,27,Female,Research & Development,Manufacturing Director,4,Married
1028,35,Male,Research & Development,Laboratory Technician,3,Divorced
1029,42,Male,Sales,Manager,2,Married
1030,50,Male,Research & Development,Laboratory Technician,3,Married
1032,59,Female,Research & Development,Manufacturing Director,3,Single
1033,37,Female,Research & Development,Healthcare Representative,2,Married
1034,55,Male,Research & Development,Healthcare Representative,4,Married
1035,41,Female,Research & Development,Research Director,1,Divorced
1036,38,Male,Sales,Sales Executive,4,Single
1037,26,Male,Sales,Sales Executive,2,Single
1038,52,Female,Sales,Manager,1,Married
1039,44,Female,Sales,Sales Executive,3,Married
1040,50,Female,Sales,Sales Executive,3,Married
1042,36,Female,Research & Development,Laboratory Technician,4,Single
1043,39,Female,Research & Development,Manufacturing Director,3,Single
1044,33,Female,Sales,Sales Representative,1,Single
1045,45,Female,Sales,Manager,2,Married
1046,32,Female,Research & Development,Laboratory Technician,4,Single
1047,34,Male,Sales,Sales Executive,4,Divorced
1048,59,Male,Sales,Manager,2,Married
1049,45,Male,Human Resources,Human Resources,4,Single
1050,53,Female,Sales,Sales Executive,3,Married
1052,36,Male,Research & Development,Laboratory Technician,3,Divorced
1053,26,Male,Research & Development,Research Scientist,3,Married
1055,34,Female,Sales,Sales Representative,4,Married
1056,28,Male,Sales,Sales Representative,1,Married
1060,38,Male,Research & Development,Research Scientist,4,Married
1061,50,Male,Research & Development,Research Director,4,Married
1062,37,Female,Research & Development,Healthcare Representative,3,Single
1066,40,Male,Sales,Sales Executive,3,Married
1068,26,Female,Research & Development,Research Scientist,1,Divorced
1069,46,Male,Research & Development,Research Director,4,Divorced
1070,54,Female,Sales,Sales Executive,4,Married
1071,56,Female,Research & Development,Research Scientist,3,Married
1073,36,Female,Research & Development,Manufacturing Director,5,Single
1074,55,Male,Research & Development,Manager,1,Single
1076,43,Male,Sales,Sales Executive,3,Divorced
1077,20,Female,Sales,Sales Representative,3,Single
1079,21,Female,Research & Development,Laboratory Technician,3,Single
1080,46,Female,Research & Development,Research Scientist,4,Divorced
1081,51,Male,Research & Development,Research Scientist,4,Married
1082,28,Male,Research & Development,Healthcare Representative,2,Single
1083,26,Male,Research & Development,Laboratory Technician,2,Married
1084,30,Male,Research & Development,Manufacturing Director,3,Married
1085,41,Female,Research & Development,Research Scientist,2,Married
1088,38,Female,Research & Development,Healthcare Representative,1,Married
1092,40,Male,Research & Development,Healthcare Representative,4,Married
1094,27,Male,Research & Development,Laboratory Technician,5,Married
1096,55,Male,Research & Development,Manufacturing Director,1,Married
1097,28,Female,Research & Development,Research Scientist,3,Single
1098,44,Male,Human Resources,Human Resources,2,Married
1099,33,Male,Research & Development,Healthcare Representative,3,Divorced
1100,35,Male,Sales,Sales Executive,3,Single
1101,33,Female,Research & Development,Research Scientist,4,Single
1102,28,Male,Research & Development,Laboratory Technician,2,Divorced
1103,34,Male,Research & Development,Healthcare Representative,1,Single
1105,37,Female,Sales,Sales Executive,4,Divorced
1106,25,Male,Research & Development,Laboratory Technician,1,Married
1107,26,Male,Research & Development,Laboratory Technician,3,Divorced
1108,33,Male,Research & Development,Research Scientist,3,Single
1109,42,Male,Research & Development,Manager,2,Married
1111,28,Male,Research & Development,Laboratory Technician,3,Divorced
1113,50,Male,Sales,Sales Executive,4,Single
1114,33,Female,Sales,Sales Executive,3,Married
1115,34,Male,Research & Development,Research Scientist,4,Married
1116,48,Male,Research & Development,Manager,4,Single
1117,45,Female,Sales,Sales Executive,4,Married
1118,52,Male,Research & Development,Healthcare Representative,4,Single
1119,38,Male,Sales,Sales Executive,4,Divorced
1120,29,Female,Research & Development,Research Scientist,4,Divorced
1121,28,Female,Research & Development,Manufacturing Director,3,Divorced
1124,46,Male,Sales,Manager,1,Married
1125,38,Male,Sales,Sales Executive,2,Single
1126,43,Female,Research & Development,Manufacturing Director,3,Married
1127,39,Male,Research & Development,Healthcare Representative,3,Divorced
1128,40,Male,Research & Development,Research Director,3,Single
1131,21,Female,Research & Development,Research Scientist,1,Single
1132,39,Male,Research & Development,Laboratory Technician,3,Single
1133,36,Male,Research & Development,Manufacturing Director,4,Single
1135,31,Male,Sales,Sales Representative,3,Married
1136,28,Male,Research & Development,Research Scientist,1,Married
1137,35,Male,Sales,Sales Executive,2,Divorced
1138,49,Male,Sales,Sales Executive,4,Married
1140,34,Male,Research & Development,Manufacturing Director,2,Single
1143,29,Female,Research & Development,Research Scientist,3,Divorced
1148,42,Male,Research & Development,Laboratory Technician,3,Single
1150,29,Male,Research & Development,Manufacturing Director,1,Married
1152,38,Male,Human Resources,Human Resources,3,Married
1154,28,Male,Research & Development,Research Scientist,3,Divorced
1156,18,Male,Research & Development,Laboratory Technician,1,Single
1157,33,Female,Sales,Sales Executive,4,Single
1158,41,Male,Research & Development,Laboratory Technician,4,Married
1160,31,Male,Research & Development,Laboratory Technician,3,Married
1161,37,Female,Research & Development,Healthcare Representative,2,Divorced
1162,27,Male,Research & Development,Research Scientist,3,Married
1163,34,Female,Sales,Sales Executive,1,Married
1164,35,Male,Human Resources,Human Resources,4,Single
1165,29,Female,Sales,Sales Executive,1,Married
1166,40,Female,Research & Development,Research Director,4,Single
1167,42,Male,Sales,Sales Executive,3,Single
1171,42,Male,Sales,Sales Executive,4,Single
1172,35,Male,Research & Development,Laboratory Technician,4,Married
1173,24,Male,Research & Development,Laboratory Technician,3,Single
1175,28,Female,Research & Development,Laboratory Technician,1,Married
1177,26,Male,Research & Development,Laboratory Technician,4,Married
1179,30,Male,Sales,Sales Executive,3,Married
1180,40,Female,Research & Development,Research Scientist,2,Married
1182,35,Male,Research & Development,Manufacturing Director,3,Divorced
1184,34,Male,Research & Development,Healthcare Representative,3,Single
1185,35,Male,Research & Development,Laboratory Technician,4,Married
1188,43,Female,Sales,Sales Executive,3,Single
1190,32,Female,Sales,Sales Representative,1,Divorced
1191,56,Female,Research & Development,Manager,4,Divorced
1192,29,Female,Research & Development,Laboratory Technician,1,Married
1193,19,Male,Research & Development,Research Scientist,2,Single
1195,45,Female,Research & Development,Research Scientist,3,Married
1196,37,Female,Research & Development,Manufacturing Director,3,Married
1198,20,Male,Research & Development,Laboratory Technician,3,Single
1200,44,Male,Research & Development,Research Scientist,4,Single
1201,53,Female,Research & Development,Manager,2,Divorced
1202,29,Female,Research & Development,Research Scientist,1,Married
1203,22,Male,Research & Development,Research Scientist,4,Married
1204,46,Female,Sales,Manager,3,Married
1206,44,Male,Research & Development,Research Scientist,3,Single
1207,33,Male,Human Resources,Human Resources,3,Married
1210,41,Male,Research & Development,Research Scientist,2,Divorced
1211,30,Male,Sales,Sales Executive,4,Divorced
1212,40,Male,Sales,Sales Executive,4,Married
1215,50,Female,Research & Development,Manager,3,Married
1216,28,Male,Research & Development,Laboratory Technician,4,Married
1217,46,Male,Research & Development,Research Director,2,Married
1218,35,Male,Sales,Sales Executive,4,Married
1219,24,Female,Research & Development,Laboratory Technician,2,Married
1220,33,Female,Sales,Sales Executive,3,Married
1221,36,Male,Research & Development,Laboratory Technician,4,Divorced
1224,30,Male,Research & Development,Laboratory Technician,4,Divorced
1225,44,Male,Research & Development,Research Scientist,4,Single
1226,20,Male,Sales,Sales Representative,3,Single
1228,46,Male,Research & Development,Manufacturing Director,4,Divorced
1231,42,Male,Human Resources,Human Resources,5,Married
1233,60,Male,Sales,Sales Executive,4,Divorced
1234,32,Female,Research & Development,Laboratory Technician,3,Married
1235,32,Female,Research & Development,Research Scientist,2,Single
1237,36,Female,Research & Development,Manufacturing Director,3,Divorced
1238,33,Male,Research & Development,Research Scientist,3,Married
1239,40,Female,Sales,Sales Executive,3,Divorced
1240,25,Male,Sales,Sales Executive,4,Single
1241,30,Male,Research & Development,Research Scientist,3,Married
1242,42,Female,Research & Development,Research Director,5,Married
1243,35,Female,Sales,Sales Executive,2,Married
1244,27,Male,Research & Development,Research Scientist,3,Married
1245,54,Female,Research & Development,Manufacturing Director,4,Divorced
1246,44,Female,Research & Development,Research Scientist,1,Married
1248,19,Female,Research & Development,Research Scientist,3,Single
1249,29,Female,Research & Development,Research Scientist,3,Divorced
1250,54,Male,Research & Development,Research Director,3,Married
1251,31,Male,Research & Development,Healthcare Representative,2,Married
1252,31,Female,Research & Development,Healthcare Representative,3,Single
1254,59,Female,Sales,Sales Executive,3,Single
1255,43,Male,Research & Development,Research Director,3,Married
1256,49,Male,Research & Development,Manager,2,Married
1257,36,Male,Research & Development,Research Scientist,3,Married
1258,48,Male,Research & Development,Laboratory Technician,2,Single
1259,27,Male,Research & Development,Research Scientist,2,Divorced
1260,29,Male,Research & Development,Healthcare Representative,3,Divorced
1263,48,Male,Research & Development,Research Director,3,Single
1264,29,Female,Research & Development,Research Director,3,Divorced
1265,34,Female,Research & Development,Research Scientist,3,Married
1267,44,Male,Sales,Manager,3,Married
1268,33,Male,Sales,Sales Executive,5,Divorced
1269,19,Female,Research & Development,Research Scientist,3,Single
1270,23,Male,Research & Development,Research Scientist,2,Married
1273,25,Male,Sales,Sales Representative,1,Single
1275,26,Male,Research & Development,Research Scientist,2,Single
1277,45,Female,Sales,Manager,3,Single
1278,55,Male,Research & Development,Healthcare Representative,1,Divorced
1279,21,Female,Research & Development,Laboratory Technician,2,Single
1280,46,Female,Sales,Manager,2,Married
1281,34,Female,Sales,Sales Executive,3,Single
1282,51,Male,Sales,Manager,3,Divorced
1283,59,Male,Research & Development,Manufacturing Director,4,Single
1285,34,Female,Research & Development,Laboratory Technician,3,Divorced
1286,28,Male,Research & Development,Laboratory Technician,4,Single
1288,44,Male,Research & Development,Manager,2,Divorced
1289,34,Male,Human Resources,Human Resources,3,Married
1291,35,Male,Research & Development,Research Scientist,1,Married
1292,42,Female,Research & Development,Research Scientist,4,Married
1293,43,Female,Sales,Sales Executive,4,Single
1294,36,Female,Research & Development,Manufacturing Director,4,Single
1295,44,Female,Research & Development,Healthcare Representative,3,Married
1296,28,Male,Research & Development,Laboratory Technician,3,Married
1297,51,Female,Research & Development,Laboratory Technician,2,Single
1298,30,Female,Research & Development,Manufacturing Director,2,Single
1299,29,Female,Research & Development,Laboratory Technician,3,Divorced
1301,28,Male,Research & Development,Research Scientist,3,Single
1303,25,Female,Research & Development,Research Scientist,3,Single
1304,32,Male,Sales,Sales Executive,3,Married
1306,45,Female,Research & Development,Manager,3,Single
1307,39,Female,Research & Development,Manager,4,Divorced
1308,58,Male,Research & Development,Research Scientist,4,Divorced
1309,32,Male,Research & Development,Laboratory Technician,2,Married
1310,39,Male,Research & Development,Research Scientist,3,Single
1311,30,Female,Research & Development,Laboratory Technician,3,Married
1312,36,Female,Research & Development,Healthcare Representative,4,Married
1314,46,Female,Human Resources,Human Resources,2,Single
1315,28,Female,Research & Development,Laboratory Technician,3,Married
1317,50,Female,Research & Development,Research Director,3,Married
1318,40,Male,Sales,Sales Executive,4,Single
1319,52,Male,Sales,Sales Executive,3,Single
1321,30,Female,Research & Development,Manager,4,Married
1322,39,Male,Research & Development,Manufacturing Director,2,Single
1324,31,Female,Sales,Sales Executive,4,Divorced
1329,41,Male,Sales,Sales Executive,2,Single
1331,31,Female,Sales,Sales Representative,3,Single
1333,44,Male,Research & Development,Laboratory Technician,3,Married
1334,42,Male,Research & Development,Manager,1,Married
1336,55,Female,Research & Development,Manager,2,Married
1338,56,Male,Human Resources,Manager,4,Single
1340,40,Male,Research & Development,Research Scientist,2,Divorced
1344,34,Male,Research & Development,Healthcare Representative,3,Divorced
1346,40,Male,Research & Development,Research Scientist,3,Single
1349,41,Female,Sales,Sales Executive,3,Divorced
1350,35,Male,Research & Development,Research Scientist,4,Single
1352,51,Male,Human Resources,Manager,3,Divorced
1355,38,Female,Sales,Sales Executive,2,Divorced
1356,34,Female,Sales,Sales Executive,2,Single
1358,25,Male,Research & Development,Laboratory Technician,1,Married
1360,58,Female,Research & Development,Manufacturing Director,4,Married
1361,40,Male,Research & Development,Laboratory Technician,4,Married
1362,36,Female,Sales,Sales Executive,3,Married
1363,48,Male,Research & Development,Manufacturing Director,3,Single
1364,27,Female,Sales,Sales Representative,3,Married
1367,51,Female,Research & Development,Manufacturing Director,2,Single
1368,18,Female,Research & Development,Laboratory Technician,3,Single
1369,35,Female,Research & Development,Laboratory Technician,3,Married
1371,27,Male,Sales,Sales Executive,1,Single
1372,55,Male,Sales,Sales Executive,4,Single
1373,56,Male,Research & Development,Manufacturing Director,3,Married
1374,34,Female,Research & Development,Research Scientist,1,Divorced
1375,40,Female,Research & Development,Healthcare Representative,1,Divorced
1377,34,Male,Research & Development,Laboratory Technician,3,Married
1379,31,Female,Sales,Sales Representative,3,Single
1380,35,Female,Sales,Sales Executive,4,Married
1382,38,Male,Research & Development,Research Scientist,3,Divorced
1383,34,Female,Research & Development,Healthcare Representative,4,Single
1387,28,Male,Sales,Sales Executive,3,Married
1389,31,Male,Research & Development,Manufacturing Director,4,Married
1390,39,Male,Sales,Sales Executive,4,Married
1391,51,Male,Sales,Sales Executive,3,Married
1392,41,Female,Research & Development,Research Scientist,3,Divorced
1394,37,Male,Research & Development,Research Scientist,1,Married
1395,33,Male,Sales,Sales Executive,1,Married
1396,32,Male,Sales,Sales Executive,1,Married
1397,39,Male,Research & Development,Healthcare Representative,2,Married
1399,25,Male,Sales,Sales Executive,1,Married
1401,52,Female,Research & Development,Manufacturing Director,2,Married
1402,43,Female,Research & Development,Research Scientist,3,Single
1403,27,Female,Sales,Sales Executive,3,Married
1405,27,Female,Research & Development,Research Scientist,4,Single
1407,26,Male,Research & Development,Research Scientist,1,Single
1408,42,Female,Human Resources,Manager,3,Married
1409,52,Female,Research & Development,Laboratory Technician,4,Married
1411,37,Female,Research & Development,Laboratory Technician,3,Single
1412,35,Male,Research & Development,Manufacturing Director,2,Single
1415,25,Male,Research & Development,Laboratory Technician,3,Married
1417,26,Male,Research & Development,Laboratory Technician,3,Single
1419,29,Male,Human Resources,Human Resources,3,Single
1420,49,Male,Research & Development,Laboratory Technician,2,Single
1421,29,Female,Research & Development,Healthcare Representative,1,Single
1422,54,Female,Research & Development,Research Director,3,Single
1423,58,Female,Research & Development,Research Director,3,Married
1424,55,Male,Research & Development,Research Director,4,Divorced
1425,36,Female,Sales,Sales Executive,4,Single
1427,31,Female,Sales,Sales Representative,4,Single
1428,30,Female,Sales,Sales Executive,4,Divorced
1430,31,Female,Research & Development,Research Director,5,Single
1431,34,Male,Research & Development,Research Scientist,4,Divorced
1433,31,Female,Research & Development,Research Scientist,3,Single
1434,27,Male,Research & Development,Laboratory Technician,1,Married
1435,36,Male,Research & Development,Laboratory Technician,4,Single
1436,36,Female,Sales,Sales Executive,4,Married
1438,47,Male,Research & Development,Research Scientist,3,Married
1439,25,Male,Sales,Sales Representative,2,Married
1440,37,Male,Research & Development,Laboratory Technician,2,Single
1441,56,Female,Research & Development,Research Scientist,2,Married
1443,47,Female,Research & Development,Research Director,4,Married
1445,24,Female,Sales,Sales Executive,1,Married
1446,32,Male,Sales,Sales Executive,5,Married
1447,34,Female,Research & Development,Laboratory Technician,3,Married
1448,41,Male,Research & Development,Research Scientist,5,Married
1449,40,Male,Research & Development,Laboratory Technician,4,Divorced
1453,31,Male,Sales,Sales Executive,2,Divorced
1457,46,Male,Sales,Sales Executive,3,Divorced
1458,39,Female,Research & Development,Laboratory Technician,3,Single
1459,31,Female,Research & Development,Manufacturing Director,5,Single
1460,45,Male,Research & Development,Healthcare Representative,3,Divorced
1461,31,Female,Human Resources,Human Resources,2,Single
1464,31,Male,Research & Development,Laboratory Technician,3,Married
1465,45,Male,Research & Development,Manufacturing Director,3,Married
1466,48,Male,Sales,Sales Executive,3,Divorced
1467,34,Female,Human Resources,Human Resources,4,Married
1468,40,Male,Research & Development,Research Director,1,Divorced
1469,28,Male,Sales,Sales Executive,3,Single
1471,44,Male,Research & Development,Laboratory Technician,3,Single
1472,53,Male,Research & Development,Research Director,3,Single
1473,49,Male,Research & Development,Healthcare Representative,4,Married
1474,40,Male,Research & Development,Research Scientist,3,Divorced
1475,44,Male,Research & Development,Research Scientist,3,Single
1477,33,Male,Sales,Sales Executive,3,Married
1478,34,Male,Sales,Sales Executive,3,Single
1479,30,Male,Sales,Sales Executive,1,Married
1480,42,Female,Research & Development,Laboratory Technician,2,Single
1481,44,Female,Sales,Sales Executive,5,Married
1482,30,Male,Research & Development,Research Scientist,3,Divorced
1483,57,Male,Research & Development,Research Scientist,2,Married
1484,49,Male,Research & Development,Healthcare Representative,4,Divorced
1485,34,Male,Research & Development,Research Director,3,Divorced
1486,28,Male,Sales,Sales Representative,3,Married
1487,29,Female,Sales,Sales Executive,3,Single
1489,34,Female,Sales,Sales Executive,4,Single
1492,35,Male,Sales,Sales Representative,1,Married
1494,24,Male,Research & Development,Laboratory Technician,3,Single
1495,24,Female,Sales,Sales Representative,2,Married
1496,44,Male,Research & Development,Manufacturing Director,1,Single
1497,29,Male,Sales,Sales Executive,3,Divorced
1499,30,Male,Human Resources,Human Resources,3,Divorced
1501,55,Male,Research & Development,Healthcare Representative,4,Married
1502,33,Female,Research & Development,Laboratory Technician,4,Married
1503,47,Female,Sales,Sales Executive,3,Married
1504,28,Male,Research & Development,Laboratory Technician,2,Single
1506,28,Male,Research & Development,Research Scientist,3,Divorced
1507,28,Male,Sales,Sales Executive,3,Single
1509,49,Female,Research & Development,Laboratory Technician,2,Married
1513,29,Female,Research & Development,Laboratory Technician,1,Married
1514,28,Male,Research & Development,Manufacturing Director,1,Married
1515,33,Male,Research & Development,Healthcare Representative,5,Single
1516,32,Male,Research & Development,Manager,3,Single
1520,54,Female,Research & Development,Manager,4,Divorced
1522,29,Male,Research & Development,Research Scientist,4,Single
1523,44,Male,Research & Development,Research Director,3,Married
1525,39,Female,Research & Development,Manufacturing Director,3,Single
1527,46,Female,Sales,Manager,3,Married
1529,35,Female,Research & Development,Healthcare Representative,3,Single
1533,23,Male,Research & Development,Laboratory Technician,1,Single
1534,40,Male,Research & Development,Laboratory Technician,4,Single
1535,34,Male,Sales,Sales Executive,3,Married
1537,31,Female,Research & Development,Research Scientist,3,Single
1539,50,Male,Research & Development,Research Director,5,Single
1541,34,Male,Sales,Sales Representative,2,Married
1542,42,Male,Research & Development,Laboratory Technician,3,Married
1543,37,Male,Research & Development,Research Scientist,3,Married
1544,29,Female,Research & Development,Healthcare Representative,1,Married
1545,33,Male,Research & Development,Manufacturing Director,3,Single
1546,45,Male,Research & Development,Research Scientist,3,Married
1547,42,Male,Research & Development,Healthcare Representative,3,Married
1548,40,Male,Sales,Sales Executive,2,Married
1549,33,Male,Research & Development,Laboratory Technician,4,Married
1550,40,Male,Human Resources,Manager,2,Single
1551,24,Male,Research & Development,Laboratory Technician,2,Divorced
1552,40,Male,Research & Development,Healthcare Representative,2,Divorced
1553,45,Male,Research & Development,Healthcare Representative,4,Divorced
1554,35,Female,Sales,Sales Representative,4,Married
1555,32,Female,Research & Development,Research Scientist,2,Married
1556,36,Male,Sales,Sales Representative,4,Single
1557,48,Female,Sales,Sales Executive,4,Divorced
1558,29,Male,Research & Development,Research Scientist,3,Married
1560,33,Male,Sales,Sales Executive,4,Married
1562,30,Male,Sales,Sales Executive,3,Married
1563,38,Male,Human Resources,Human Resources,4,Married
1564,35,Male,Research & Development,Laboratory Technician,3,Single
1568,30,Male,Sales,Sales Executive,4,Married
1569,35,Female,Research & Development,Laboratory Technician,3,Divorced
1572,53,Female,Research & Development,Manufacturing Director,5,Married
1573,38,Male,Research & Development,Manufacturing Director,3,Married
1574,32,Male,Research & Development,Research Scientist,4,Married
1576,48,Female,Research & Development,Research Scientist,4,Married
1577,34,Male,Research & Development,Research Scientist,4,Single
1578,55,Male,Sales,Manager,5,Married
1580,34,Male,Research & Development,Research Scientist,4,Married
1581,26,Female,Research & Development,Research Scientist,3,Married
1582,38,Male,Sales,Sales Executive,3,Married
1583,38,Female,Sales,Sales Executive,3,Single
1585,36,Female,Sales,Sales Executive,4,Single
1586,29,Male,Research & Development,Laboratory Technician,1,Single
1587,35,Female,Research & Development,Healthcare Representative,4,Single
1588,39,Male,Sales,Sales Executive,3,Married
1590,29,Male,Research & Development,Healthcare Representative,1,Divorced
1591,50,Male,Sales,Manager,3,Married
1592,23,Male,Research & Development,Research Scientist,3,Married
1594,36,Male,Research & Development,Laboratory Technician,4,Married
1595,42,Male,Research & Development,Manager,2,Single
1596,35,Male,Research & Development,Laboratory Technician,3,Married
1597,34,Male,Research & Development,Healthcare Representative,4,Married
1598,40,Female,Sales,Sales Executive,2,Married
1599,43,Male,Research & Development,Laboratory Technician,3,Divorced
1601,35,Male,Research & Development,Laboratory Technician,2,Married
1602,46,Male,Sales,Manager,4,Single
1604,28,Male,Research & Development,Laboratory Technician,3,Married
1605,22,Female,Research & Development,Research Scientist,2,Married
1606,50,Male,Research & Development,Healthcare Representative,5,Married
1607,32,Female,Research & Development,Research Scientist,4,Married
1608,44,Female,Research & Development,Research Director,3,Divorced
1609,30,Male,Research & Development,Research Scientist,3,Married
1611,45,Female,Research & Development,Laboratory Technician,5,Single
1612,45,Male,Sales,Sales Executive,3,Married
1613,31,Male,Sales,Sales Executive,4,Single
1614,36,Female,Research & Development,Manufacturing Director,4,Married
1615,34,Male,Research & Development,Manufacturing Director,4,Divorced
1617,49,Female,Research & Development,Laboratory Technician,4,Married
1618,39,Male,Research & Development,Manufacturing Director,5,Married
1619,27,Male,Research & Development,Laboratory Technician,3,Divorced
1621,35,Male,Research & Development,Research Scientist,5,Married
1622,28,Female,Research & Development,Manufacturing Director,3,Divorced
1623,21,Male,Research & Development,Research Scientist,1,Single
1624,18,Female,Sales,Sales Representative,2,Single
1625,47,Female,Human Resources,Manager,4,Married
1627,39,Male,Research & Development,Laboratory Technician,2,Divorced
1628,40,Female,Research & Development,Manufacturing Director,3,Married
1630,35,Female,Research & Development,Healthcare Representative,4,Married
1631,37,Male,Research & Development,Manufacturing Director,3,Married
1633,39,Female,Research & Development,Manufacturing Director,3,Single
1635,45,Female,Research & Development,Manufacturing Director,2,Divorced
1638,38,Female,Research & Development,Manufacturing Director,2,Married
1639,35,Male,Sales,Sales Executive,3,Married
1640,37,Female,Research & Development,Research Scientist,3,Married
1641,40,Female,Research & Development,Manufacturing Director,3,Single
1642,44,Male,Human Resources,Human Resources,5,Married
1644,48,Male,Research & Development,Manager,5,Married
1645,35,Male,Sales,Sales Executive,2,Divorced
1646,24,Female,Research & Development,Research Scientist,1,Single
1647,27,Female,Research & Development,Research Scientist,3,Married
1648,27,Male,Research & Development,Research Scientist,3,Single
1649,40,Male,Research & Development,Laboratory Technician,3,Single
1650,29,Male,Sales,Sales Executive,3,Single
1651,36,Female,Research & Development,Healthcare Representative,4,Married
1653,25,Male,Research & Development,Manufacturing Director,1,Divorced
1654,39,Male,Research & Development,Manufacturing Director,3,Married
1655,49,Female,Research & Development,Research Director,4,Married
1656,50,Female,Research & Development,Research Director,5,Divorced
1657,20,Female,Sales,Sales Representative,3,Single
1658,34,Female,Research & Development,Research Scientist,3,Divorced
1659,36,Male,Research & Development,Laboratory Technician,3,Single
1661,49,Female,Research & Development,Healthcare Representative,1,Married
1662,36,Female,Research & Development,Manufacturing Director,4,Married
1664,36,Male,Research & Development,Healthcare Representative,2,Divorced
1665,54,Female,Research & Development,Manager,5,Married
1666,43,Male,Research & Development,Research Director,2,Married
1667,35,Male,Sales,Sales Executive,4,Single
1668,38,Male,Research & Development,Research Scientist,3,Married
1669,29,Male,Sales,Sales Executive,3,Divorced
1670,33,Male,Sales,Sales Executive,4,Divorced
1671,32,Male,Research & Development,Research Scientist,3,Divorced
1673,31,Female,Sales,Sales Executive,4,Married
1674,49,Female,Research & Development,Laboratory Technician,3,Divorced
1675,38,Female,Research & Development,Laboratory Technician,3,Single
1676,47,Female,Sales,Manager,4,Divorced
1677,49,Male,Research & Development,Manager,3,Single
1678,41,Male,Sales,Sales Executive,2,Single
1680,20,Male,Sales,Sales Representative,1,Single
1681,33,Female,Sales,Sales Executive,3,Divorced
1682,36,Male,Research & Development,Healthcare Representative,4,Married
1683,44,Female,Human Resources,Human Resources,3,Divorced
1684,23,Male,Research & Development,Laboratory Technician,1,Single
1687,38,Female,Research & Development,Laboratory Technician,2,Married
1689,53,Male,Research & Development,Healthcare Representative,4,Married
1691,48,Female,Sales,Sales Representative,2,Married
1692,32,Male,Research & Development,Laboratory Technician,4,Single
1693,26,Male,Research & Development,Laboratory Technician,3,Single
1694,55,Male,Research & Development,Research Scientist,3,Divorced
1696,34,Male,Research & Development,Laboratory Technician,2,Married
1697,60,Male,Research & Development,Healthcare Representative,4,Divorced
1698,33,Male,Research & Development,Laboratory Technician,3,Married
1700,37,Male,Sales,Sales Executive,4,Divorced
1701,34,Female,Research & Development,Research Scientist,3,Married
1702,23,Male,Sales,Sales Representative,3,Divorced
1703,44,Female,Research & Development,Healthcare Representative,3,Married
1704,35,Male,Research & Development,Research Scientist,4,Single
1706,43,Male,Sales,Sales Executive,3,Married
1707,24,Male,Research & Development,Research Scientist,3,Married
1708,41,Male,Sales,Sales Executive,3,Single
1709,29,Female,Research & Development,Laboratory Technician,4,Married
1710,36,Female,Sales,Sales Representative,4,Single
1712,45,Male,Research & Development,Healthcare Representative,1,Married
1714,24,Male,Human Resources,Human Resources,1,Married
1716,47,Male,Sales,Sales Executive,3,Married
1718,26,Male,Research & Development,Laboratory Technician,4,Married
1719,45,Female,Research & Development,Research Director,2,Single
1720,32,Male,Research & Development,Research Scientist,3,Married
1721,31,Male,Research & Development,Laboratory Technician,4,Married
1722,41,Male,Human Resources,Human Resources,3,Married
1724,40,Female,Research & Development,Manufacturing Director,2,Married
1725,24,Male,Research & Development,Laboratory Technician,1,Divorced
1727,46,Male,Research & Development,Healthcare Representative,4,Single
1728,35,Male,Research & Development,Manufacturing Director,4,Married
1729,30,Male,Research & Development,Research Scientist,1,Married
1731,47,Male,Sales,Sales Executive,4,Married
1732,46,Male,Sales,Sales Executive,3,Divorced
1733,36,Male,Sales,Sales Executive,5,Divorced
1734,32,Male,Sales,Sales Executive,2,Single
1735,23,Female,Research & Development,Laboratory Technician,1,Single
1736,31,Female,Research & Development,Manufacturing Director,1,Single
1737,39,Male,Research & Development,Laboratory Technician,3,Married
1739,32,Male,Sales,Sales Executive,3,Married
1740,40,Male,Sales,Manager,4,Single
1744,45,Female,Human Resources,Human Resources,3,Married
1745,30,Female,Research & Development,Research Scientist,4,Single
1746,24,Male,Human Resources,Human Resources,3,Married
1747,30,Female,Human Resources,Human Resources,3,Divorced
1749,31,Male,Sales,Sales Executive,3,Married
1751,27,Female,Research & Development,Research Scientist,3,Single
1752,29,Female,Sales,Sales Representative,3,Single
1753,29,Male,Research & Development,Healthcare Representative,3,Single
1754,30,Male,Sales,Sales Executive,2,Divorced
1755,34,Male,Research & Development,Research Scientist,4,Married
1756,33,Female,Sales,Sales Executive,3,Single
1757,49,Female,Sales,Sales Executive,4,Single
1758,33,Female,Sales,Sales Executive,3,Single
1760,38,Female,Research & Development,Laboratory Technician,2,Married
1761,31,Male,Sales,Sales Executive,4,Married
1762,29,Female,Research & Development,Research Scientist,3,Divorced
1763,30,Male,Research & Development,Healthcare Representative,3,Married
1764,32,Male,Research & Development,Research Scientist,4,Single
1766,38,Male,Research & Development,Healthcare Representative,3,Married
1767,43,Male,Research & Development,Research Scientist,3,Married
1768,42,Male,Research & Development,Laboratory Technician,3,Divorced
1770,55,Male,Research & Development,Research Director,3,Married
1771,33,Male,Research & Development,Research Scientist,3,Divorced
1772,41,Male,Research & Development,Laboratory Technician,4,Divorced
1774,34,Male,Sales,Sales Executive,3,Divorced
1775,53,Female,Research & Development,Manufacturing Director,4,Married
1778,43,Male,Human Resources,Human Resources,3,Single
1779,34,Female,Sales,Sales Executive,2,Single
1780,21,Male,Sales,Sales Representative,1,Single
1782,38,Female,Research & Development,Laboratory Technician,2,Married
1783,22,Female,Research & Development,Laboratory Technician,1,Married
1784,31,Female,Sales,Sales Executive,4,Married
1786,51,Female,Research & Development,Manager,3,Married
1787,37,Male,Sales,Sales Executive,2,Married
1789,46,Male,Research & Development,Research Director,4,Divorced
1790,36,Male,Research & Development,Healthcare Representative,3,Married
1792,44,Male,Research & Development,Research Scientist,2,Divorced
1794,37,Male,Human Resources,Human Resources,2,Divorced
1797,35,Male,Sales,Sales Executive,3,Single
1798,33,Male,Research & Development,Research Scientist,4,Married
1799,28,Male,Research & Development,Research Scientist,3,Married
1800,39,Male,Research & Development,Research Director,1,Single
1801,46,Male,Sales,Sales Executive,2,Single
1802,40,Female,Research & Development,Laboratory Technician,2,Married
1803,42,Male,Research & Development,Healthcare Representative,3,Married
1804,35,Male,Research & Development,Manufacturing Director,2,Divorced
1805,38,Male,Human Resources,Human Resources,3,Divorced
1807,34,Male,Research & Development,Laboratory Technician,4,Married
1809,37,Male,Research & Development,Manufacturing Director,4,Single
1812,39,Male,Sales,Sales Executive,3,Divorced
1813,43,Male,Research & Development,Research Scientist,3,Single
1814,41,Male,Research & Development,Healthcare Representative,3,Single
1815,41,Female,Sales,Sales Executive,1,Divorced
1816,30,Female,Research & Development,Manufacturing Director,3,Single
1818,26,Female,Human Resources,Human Resources,2,Married
1821,46,Female,Research & Development,Healthcare Representative,2,Married
1822,40,Female,Research & Development,Healthcare Representative,3,Divorced
1823,34,Male,Sales,Sales Executive,2,Married
1824,58,Male,Sales,Manager,3,Divorced
1826,35,Male,Research & Development,Laboratory Technician,4,Married
1827,47,Female,Research & Development,Manufacturing Director,3,Divorced
1829,40,Female,Research & Development,Healthcare Representative,3,Divorced
1830,54,Female,Research & Development,Research Scientist,4,Married
1833,31,Female,Sales,Sales Executive,4,Married
1834,28,Female,Research & Development,Research Scientist,3,Married
1835,38,Female,Sales,Sales Representative,4,Married
1836,26,Male,Sales,Sales Executive,3,Single
1837,58,Male,Research & Development,Research Director,4,Married
1839,18,Female,Research & Development,Research Scientist,3,Single
1842,31,Male,Human Resources,Human Resources,5,Married
1844,29,Male,Human Resources,Human Resources,3,Divorced
1845,45,Female,Sales,Sales Executive,4,Married
1847,36,Female,Research & Development,Research Scientist,4,Married
1849,43,Male,Sales,Sales Executive,4,Married
1850,27,Female,Research & Development,Laboratory Technician,2,Single
1852,29,Male,Research & Development,Laboratory Technician,1,Married
1853,32,Male,Sales,Sales Executive,4,Single
1854,42,Male,Research & Development,Research Scientist,4,Married
1856,47,Female,Research & Development,Laboratory Technician,4,Single
1857,46,Male,Research & Development,Manufacturing Director,2,Divorced
1858,28,Male,Human Resources,Human Resources,2,Divorced
1859,29,Male,Research & Development,Healthcare Representative,1,Divorced
1860,42,Male,Research & Development,Laboratory Technician,3,Single
1862,32,Male,Sales,Sales Executive,4,Single
1863,46,Female,Sales,Sales Executive,3,Divorced
1864,27,Female,Sales,Sales Representative,1,Married
1865,29,Male,Human Resources,Human Resources,1,Married
1866,43,Female,Research & Development,Manager,3,Married
1867,48,Male,Research & Development,Research Director,3,Married
1868,29,Male,Research & Development,Research Scientist,2,Single
1869,46,Female,Sales,Sales Executive,3,Married
1870,27,Female,Research & Development,Research Scientist,3,Married
1871,39,Male,Research & Development,Research Scientist,4,Divorced
1873,55,Male,Research & Development,Research Scientist,4,Married
1875,28,Female,Sales,Sales Representative,3,Married
1876,30,Male,Sales,Sales Representative,3,Single
1878,22,Male,Research & Development,Research Scientist,1,Single
1880,36,Female,Sales,Sales Executive,4,Married
1881,31,Male,Research & Development,Laboratory Technician,3,Divorced
1882,34,Male,Sales,Sales Executive,3,Married
1883,29,Male,Research & Development,Laboratory Technician,3,Single
1885,37,Male,Research & Development,Research Scientist,4,Married
1886,35,Female,Research & Development,Manufacturing Director,2,Married
1888,45,Female,Research & Development,Manufacturing Director,2,Married
1890,36,Male,Human Resources,Human Resources,1,Single
1892,40,Male,Research & Development,Manager,4,Divorced
1893,26,Female,Research & Development,Research Scientist,2,Married
1898,27,Female,Sales,Sales Executive,2,Single
1900,48,Female,Research & Development,Manager,3,Divorced
1903,44,Male,Research & Development,Healthcare Representative,4,Married
1905,34,Male,Research & Development,Research Scientist,4,Married
1907,56,Male,Research & Development,Laboratory Technician,2,Single
1908,36,Male,Sales,Sales Executive,2,Married
1909,41,Female,Sales,Sales Executive,3,Married
1911,42,Male,Research & Development,Research Director,3,Married
1912,31,Female,Sales,Sales Executive,2,Divorced
1915,34,Female,Sales,Sales Executive,1,Married
1916,31,Female,Research & Development,Laboratory Technician,3,Divorced
1918,26,Male,Research & Development,Laboratory Technician,3,Married
1922,45,Male,Research & Development,Healthcare Representative,4,Single
1924,33,Male,Sales,Sales Executive,4,Single
1927,28,Male,Sales,Sales Executive,2,Married
1928,29,Male,Sales,Sales Representative,3,Single
1929,39,Female,Sales,Sales Executive,4,Married
1931,27,Male,Research & Development,Research Scientist,4,Married
1932,34,Male,Research & Development,Research Scientist,4,Married
1933,28,Female,Sales,Sales Executive,2,Single
1934,47,Male,Research & Development,Research Scientist,4,Married
1935,56,Female,Sales,Sales Executive,5,Married
1936,39,Male,Research & Development,Manufacturing Director,2,Married
1937,38,Female,Research & Development,Research Scientist,3,Divorced
1938,58,Female,Sales,Manager,3,Married
1939,32,Female,Research & Development,Research Scientist,2,Single
1940,38,Male,Research & Development,Research Scientist,2,Divorced
1941,49,Male,Research & Development,Research Director,1,Married
1943,42,Male,Sales,Sales Executive,4,Divorced
1944,27,Female,Human Resources,Human Resources,3,Married
1945,35,Male,Sales,Sales Executive,4,Married
1947,28,Male,Research & Development,Research Scientist,3,Single
1948,31,Male,Research & Development,Research Scientist,2,Divorced
1949,36,Male,Research & Development,Laboratory Technician,4,Married
1950,34,Male,Sales,Sales Executive,3,Single
1951,34,Male,Sales,Sales Executive,4,Divorced
1952,26,Male,Research & Development,Laboratory Technician,3,Single
1954,29,Male,Research & Development,Healthcare Representative,3,Married
1955,32,Female,Research & Development,Healthcare Representative,4,Divorced
1956,31,Male,Research & Development,Research Scientist,3,Married
1960,28,Male,Research & Development,Laboratory Technician,3,Divorced
1961,38,Male,Sales,Sales Representative,3,Single
1962,35,Female,Sales,Sales Executive,4,Married
1965,27,Male,Sales,Sales Executive,3,Single
1966,32,Male,Research & Development,Manufacturing Director,4,Single
1967,31,Male,Sales,Sales Executive,4,Married
1968,53,Male,Sales,Sales Executive,4,Single
1969,54,Female,Research & Development,Research Scientist,2,Married
1970,33,Male,Research & Development,Healthcare Representative,2,Divorced
1971,43,Male,Research & Development,Healthcare Representative,3,Married
1972,38,Male,Human Resources,Human Resources,4,Married
1973,55,Male,Human Resources,Manager,4,Married
1974,31,Female,Research & Development,Laboratory Technician,1,Divorced
1975,39,Male,Sales,Sales Executive,4,Single
1976,42,Male,Research & Development,Research Scientist,2,Single
1979,31,Female,Research & Development,Research Director,3,Married
1980,54,Female,Research & Development,Manufacturing Director,3,Single
1981,24,Male,Research & Development,Healthcare Representative,2,Single
1982,23,Male,Research & Development,Laboratory Technician,2,Single
1985,40,Female,Research & Development,Laboratory Technician,3,Married
1986,40,Female,Sales,Sales Executive,2,Married
1987,25,Female,Human Resources,Human Resources,3,Married
1989,30,Male,Research & Development,Laboratory Technician,2,Married
1992,25,Male,Research & Development,Laboratory Technician,1,Divorced
1993,47,Male,Research & Development,Healthcare Representative,3,Single
1994,33,Male,Research & Development,Laboratory Technician,2,Divorced
1995,38,Male,Sales,Sales Executive,4,Married
1996,31,Male,Sales,Sales Representative,2,Married
1997,38,Male,Research & Development,Manufacturing Director,4,Married
1998,42,Male,Research & Development,Research Scientist,4,Divorced
1999,41,Male,Research & Development,Research Scientist,3,Married
2000,47,Female,Research & Development,Research Director,1,Married
2003,35,Male,Research & Development,Laboratory Technician,4,Married
2007,22,Male,Research & Development,Research Scientist,2,Single
2008,35,Male,Research & Development,Research Scientist,4,Single
2009,33,Female,Research & Development,Healthcare Representative,2,Married
2010,32,Female,Research & Development,Laboratory Technician,4,Single
2012,40,Male,Research & Development,Laboratory Technician,4,Married
2013,32,Male,Sales,Sales Representative,4,Married
2014,39,Male,Research & Development,Research Scientist,1,Single
2015,38,Female,Research & Development,Research Director,3,Married
2016,32,Female,Sales,Sales Executive,4,Married
2017,37,Female,Research & Development,Research Director,3,Married
2018,25,Female,Sales,Sales Executive,2,Divorced
2019,52,Male,Sales,Sales Representative,4,Divorced
2020,44,Male,Research & Development,Research Scientist,3,Single
2021,21,Male,Sales,Sales Representative,1,Single
2022,39,Male,Research & Development,Manager,3,Single
2023,23,Male,Sales,Sales Representative,3,Married
2024,36,Female,Sales,Sales Executive,3,Married
2025,36,Female,Research & Development,Manufacturing Director,2,Divorced
2026,56,Male,Research & Development,Healthcare Representative,4,Divorced
2027,29,Male,Research & Development,Research Scientist,4,Married
2031,42,Male,Research & Development,Manager,3,Married
2032,56,Male,Research & Development,Laboratory Technician,2,Married
2034,41,Female,Research & Development,Manufacturing Director,4,Married
2035,34,Female,Sales,Sales Executive,3,Married
2036,36,Male,Sales,Sales Executive,4,Divorced
2037,41,Male,Sales,Sales Executive,3,Divorced
2038,32,Male,Research & Development,Research Scientist,3,Single
2040,35,Female,Human Resources,Human Resources,4,Single
2041,38,Female,Sales,Sales Executive,2,Married
2044,50,Male,Sales,Sales Executive,4,Divorced
2045,36,Female,Sales,Sales Executive,4,Married
2046,45,Female,Sales,Sales Executive,3,Single
2048,40,Male,Research & Development,Research Scientist,4,Single
2049,35,Male,Research & Development,Healthcare Representative,4,Married
2051,40,Female,Research & Development,Research Scientist,4,Married
2052,35,Female,Research & Development,Research Scientist,4,Married
2053,29,Male,Research & Development,Laboratory Technician,2,Married
2054,29,Female,Research & Development,Research Scientist,4,Single
2055,50,Male,Sales,Sales Executive,3,Divorced
2056,39,Female,Sales,Sales Executive,1,Married
2057,31,Male,Research & Development,Manufacturing Director,3,Single
2060,26,Female,Sales,Sales Representative,3,Single
2061,36,Male,Research & Development,Laboratory Technician,2,Married
2062,39,Male,Research & Development,Healthcare Representative,1,Married
2064,27,Male,Research & Development,Manufacturing Director,3,Married
2065,49,Male,Sales,Sales Executive,3,Married
2068,34,Male,Research & Development,Laboratory Technician,3,Married
