EmployeeID,BusinessTravel,OverTime,YearsAtCompany,YearsInCurrentRole,TotalWorkingYears,YearsSinceLastPromotion
1,Travel_Rarely,Yes,6,4,8,0
2,Travel_Frequently,No,10,7,10,1
4,Travel_Rarely,Yes,0,0,7,0
5,Travel_Frequently,Yes,8,7,8,3
7,Travel_Rarely,No,2,2,6,2
8,Travel_Frequently,No,7,7,8,3
10,Travel_Rarely,Yes,1,0,12,0
11,Travel_Rarely,No,1,0,1,0
12,Travel_Frequently,No,9,7,10,1
13,Travel_Rarely,No,7,7,17,7
14,Travel_Rarely,No,5,4,6,0
15,Travel_Rarely,Yes,9,5,10,0
16,Travel_Rarely,No,5,2,5,4
18,Travel_Rarely,No,2,2,3,1
19,Travel_Rarely,Yes,4,2,6,0
20,Travel_Rarely,No,10,9,10,8
21,Travel_Rarely,Yes,6,2,7,0
22,Non-Travel,Yes,1,0,1,0
23,Travel_Rarely,No,25,8,31,3
24,Travel_Rarely,Yes,3,2,6,1
26,Non-Travel,No,4,2,5,1
27,Travel_Rarely,No,5,3,10,0
28,Travel_Rarely,No,12,6,13,2
30,Travel_Rarely,No,0,0,0,0
31,Travel_Rarely,No,4,2,8,1
32,Travel_Rarely,No,14,13,26,4
33,Travel_Frequently,Yes,10,2,10,6
35,Travel_Rarely,No,9,7,10,4
36,Travel_Rarely,No,22,6,24,5
38,Travel_Rarely,No,2,2,22,2
39,Travel_Rarely,No,1,1,7,0
40,Travel_Rarely,Yes,4,2,9,1
41,Travel_Rarely,No,10,0,10,1
42,Travel_Rarely,No,1,0,19,0
45,Travel_Rarely,Yes,2,0,6,2
46,Travel_Rarely,No,5,3,6,1
47,Travel_Rarely,Yes,3,2,3,0
49,Travel_Rarely,No,2,2,2,2
51,Travel_Rarely,Yes,1,1,6,0
52,Travel_Frequently,No,5,3,10,1
53,Travel_Rarely,No,1,0,1,0
54,Travel_Rarely,No,1,0,1,0
55,Travel_Rarely,No,1,0,1,0
56,Travel_Frequently,No,9,8,9,1
57,Travel_Frequently,No,12,8,12,3
58,Travel_Rarely,No,22,15,23,15
60,Non-Travel,No,9,5,10,8
61,Travel_Rarely,No,1,0,8,0
62,Travel_Frequently,Yes,9,6,14,0
63,Travel_Rarely,No,1,0,1,0
64,Travel_Rarely,Yes,1,0,23,0
65,Travel_Rarely,Yes,2,2,2,2
68,Travel_Rarely,Yes,4,3,9,1
70,Non-Travel,Yes,4,0,10,2
72,Travel_Rarely,Yes,2,2,5,0
73,Travel_Frequently,Yes,15,14,15,8
74,Travel_Frequently,No,9,8,9,1
75,Travel_Rarely,Yes,2,2,4,2
76,Travel_Rarely,No,7,7,10,1
77,Travel_Rarely,No,7,5,7,0
78,Travel_Rarely,Yes,9,8,9,7
79,Travel_Frequently,No,10,3,10,9
80,Travel_Rarely,Yes,27,3,29,13
81,Travel_Rarely,No,21,16,28,7
83,Travel_Rarely,No,17,14,17,12
84,Travel_Rarely,Yes,5,0,21,0
85,Travel_Frequently,No,6,5,6,0
86,Travel_Rarely,No,1,0,25,0
88,Travel_Frequently,No,3,2,5,1
90,Travel_Rarely,Yes,1,0,2,0
91,Travel_Frequently,No,4,3,20,1
94,Travel_Rarely,No,5,4,6,0
95,Travel_Rarely,No,1,1,1,1
96,Travel_Rarely,No,10,4,10,0
97,Travel_Rarely,No,1,0,5,0
98,Travel_Rarely,No,11,7,11,1
100,Travel_Rarely,No,15,13,16,2
101,Travel_Rarely,Yes,0,0,17,0
102,Travel_Rarely,No,5,2,16,0
103,Travel_Rarely,Yes,4,2,16,0
104,Travel_Rarely,Yes,10,8,10,3
105,Travel_Rarely,No,6,4,6,0
106,Travel_Rarely,No,1,0,24,1
107,Non-Travel,Yes,13,11,17,1
110,Travel_Rarely,No,5,2,5,1
112,Travel_Rarely,No,6,4,37,0
113,Travel_Rarely,No,0,0,3,0
116,Travel_Rarely,No,4,2,10,0
117,Travel_Rarely,No,11,10,11,10
118,Travel_Rarely,No,9,8,9,4
119,Travel_Frequently,No,22,3,22,11
120,Travel_Rarely,Yes,10,7,11,1
121,Travel_Rarely,Yes,11,8,11,2
124,Travel_Frequently,Yes,10,9,21,9
125,Travel_Rarely,No,11,8,12,5
126,Travel_Rarely,No,4,3,16,0
128,Travel_Rarely,No,3,2,4,0
129,Non-Travel,No,5,4,5,0
131,Travel_Rarely,No,37,10,38,1
132,Non-Travel,No,3,2,17,1
133,Travel_Rarely,Yes,3,2,7,0
134,Travel_Rarely,No,1,0,1,0
137,Travel_Frequently,Yes,1,0,1,1
138,Travel_Rarely,No,16,13,16,2
139,Non-Travel,No,1,0,17,0
140,Non-Travel,No,3,2,30,2
141,Travel_Frequently,Yes,8,3,28,0
142,Travel_Rarely,Yes,6,4,6,0
143,Travel_Rarely,No,2,2,2,2
144,Travel_Rarely,No,0,0,1,0
145,Travel_Frequently,No,13,12,23,12
147,Travel_Frequently,Yes,9,7,9,0
148,Non-Travel,Yes,5,3,23,4
150,Travel_Rarely,No,5,3,6,1
151,Travel_Rarely,No,1,0,12,0
152,Travel_Rarely,No,5,3,12,1
153,Travel_Rarely,No,11,10,14,5
154,Travel_Frequently,No,9,7,10,2
155,Travel_Rarely,No,1,0,7,0
158,Travel_Frequently,Yes,25,12,25,4
159,Travel_Frequently,No,10,7,10,0
160,Non-Travel,No,7,7,8,0
161,Travel_Rarely,Yes,5,4,7,4
162,Travel_Rarely,No,20,18,23,15
163,Travel_Rarely,Yes,7,7,12,7
164,Travel_Rarely,No,5,4,5,4
165,Travel_Rarely,No,40,10,40,15
167,Travel_Rarely,Yes,0,0,0,0
169,Travel_Rarely,No,2,1,3,2
170,Travel_Rarely,No,15,11,16,5
171,Travel_Frequently,No,3,2,18,1
174,Travel_Frequently,No,2,2,16,2
175,Travel_Rarely,Yes,2,2,4,2
176,Travel_Rarely,Yes,9,7,12,0
177,Travel_Rarely,No,8,7,8,5
178,Travel_Rarely,No,3,2,7,0
179,Travel_Frequently,No,4,2,18,0
182,Travel_Rarely,No,15,11,17,5
183,Travel_Rarely,No,2,2,6,2
184,Travel_Rarely,Yes,11,9,12,4
190,Travel_Rarely,No,5,4,10,0
192,Travel_Rarely,No,6,5,9,0
193,Travel_Rarely,Yes,3,2,19,2
194,Travel_Rarely,No,5,4,5,0
195,Travel_Frequently,No,8,7,9,0
197,Travel_Rarely,No,3,2,8,2
198,Travel_Rarely,No,5,3,6,1
199,Travel_Frequently,No,7,6,21,7
200,Travel_Rarely,No,5,0,7,1
201,Travel_Rarely,No,1,0,1,0
202,Travel_Frequently,No,20,7,20,2
204,Travel_Rarely,No,10,8,10,0
205,Travel_Rarely,Yes,7,7,13,4
206,Travel_Rarely,No,17,9,20,0
207,Travel_Frequently,No,9,8,9,3
208,Non-Travel,No,10,7,10,0
211,Travel_Rarely,No,1,0,10,0
214,Travel_Rarely,Yes,1,0,9,0
215,Travel_Rarely,No,12,11,15,2
216,Travel_Frequently,No,4,3,6,1
217,Travel_Rarely,No,2,2,2,2
218,Non-Travel,No,2,2,6,2
221,Travel_Rarely,No,5,2,5,0
223,Travel_Rarely,Yes,5,3,12,1
224,Non-Travel,Yes,1,1,1,0
226,Travel_Rarely,No,5,4,21,4
227,Travel_Rarely,No,9,8,13,1
228,Travel_Rarely,No,10,9,12,7
230,Travel_Rarely,No,8,3,12,0
231,Travel_Rarely,No,5,4,8,1
233,Travel_Rarely,Yes,5,2,6,1
235,Travel_Frequently,No,0,0,1,0
238,Travel_Frequently,No,8,7,13,7
239,Non-Travel,No,12,9,12,6
240,Travel_Rarely,Yes,5,4,9,0
241,Travel_Rarely,Yes,2,2,19,2
242,Travel_Rarely,No,3,1,4,0
243,Travel_Rarely,No,1,0,1,1
244,Travel_Rarely,No,24,13,24,15
245,Travel_Rarely,No,2,2,2,2
246,Travel_Rarely,Yes,4,2,7,0
247,Travel_Rarely,No,3,2,9,1
248,Travel_Rarely,Yes,4,3,4,0
249,Travel_Rarely,No,3,2,5,0
250,Travel_Rarely,No,4,2,5,1
252,Travel_Rarely,No,8,7,8,1
253,Travel_Rarely,No,20,8,21,9
254,Travel_Rarely,No,24,15,36,2
256,Travel_Frequently,No,10,9,10,1
258,Travel_Rarely,No,7,7,21,1
259,Travel_Rarely,No,33,18,34,11
260,Travel_Rarely,No,7,7,7,0
261,Travel_Rarely,Yes,1,0,8,0
262,Non-Travel,No,5,4,7,2
264,Non-Travel,No,20,8,22,11
267,Travel_Rarely,Yes,8,7,8,1
269,Travel_Frequently,No,6,2,10,1
270,Non-Travel,No,5,3,11,0
271,Travel_Rarely,No,1,0,14,0
273,Travel_Rarely,No,7,7,9,1
274,Travel_Frequently,No,2,2,6,2
275,Non-Travel,Yes,7,7,7,1
277,Travel_Frequently,Yes,5,3,5,2
281,Travel_Rarely,Yes,7,2,15,3
282,Travel_Rarely,Yes,1,0,17,0
283,Travel_Rarely,No,10,4,10,1
284,Travel_Rarely,Yes,4,2,4,2
286,Travel_Frequently,No,8,1,8,1
287,Non-Travel,No,3,2,5,0
288,Travel_Rarely,No,4,2,17,0
291,Travel_Rarely,No,14,8,14,9
292,Non-Travel,No,11,8,12,5
293,Travel_Frequently,No,7,7,7,0
296,Travel_Rarely,No,10,9,16,4
297,Travel_Rarely,Yes,5,2,8,0
298,Travel_Rarely,Yes,1,0,16,0
299,Travel_Frequently,No,6,3,9,0
300,Travel_Rarely,No,6,2,7,1
302,Non-Travel,No,19,7,23,12
303,Travel_Rarely,No,6,2,16,0
304,Travel_Rarely,No,13,11,16,3
305,Travel_Rarely,No,3,2,7,1
306,Travel_Frequently,Yes,10,8,10,0
307,Travel_Rarely,No,16,10,17,5
308,Non-Travel,No,5,4,6,1
309,Travel_Rarely,No,1,0,7,0
311,Travel_Frequently,No,9,8,13,5
312,Travel_Frequently,No,11,10,11,4
314,Travel_Frequently,No,10,7,10,0
315,Travel_Rarely,Yes,4,3,4,0
316,Travel_Rarely,No,2,2,6,2
319,Travel_Rarely,No,22,17,22,11
321,Travel_Rarely,No,2,2,7,2
323,Travel_Rarely,No,7,0,32,0
325,Travel_Rarely,Yes,5,4,8,0
327,Travel_Rarely,Yes,17,13,22,1
328,Travel_Rarely,No,9,7,13,1
329,Non-Travel,Yes,33,7,33,15
330,Travel_Rarely,No,4,3,6,1
331,Travel_Rarely,Yes,3,2,4,1
332,Travel_Rarely,No,3,2,7,1
333,Non-Travel,No,3,2,4,2
334,Travel_Rarely,No,1,0,17,0
335,Travel_Rarely,No,9,8,9,4
336,Travel_Rarely,No,24,0,25,1
337,Travel_Frequently,No,2,2,9,2
338,Travel_Rarely,No,2,2,2,0
339,Travel_Rarely,No,11,9,13,5
340,Travel_Rarely,No,3,1,17,0
341,Travel_Frequently,No,3,2,9,0
342,Travel_Frequently,No,1,0,17,0
343,Travel_Frequently,No,19,6,20,11
346,Travel_Rarely,No,6,5,6,1
347,Travel_Rarely,Yes,3,2,10,0
349,Travel_Rarely,No,3,2,10,0
350,Travel_Rarely,No,4,2,5,1
351,Travel_Rarely,Yes,9,6,10,7
352,Travel_Rarely,No,21,7,22,3
353,Travel_Rarely,No,1,0,1,0
355,Travel_Frequently,No,5,4,6,1
359,Travel_Frequently,No,5,1,5,0
361,Non-Travel,No,8,7,13,7
362,Travel_Rarely,No,6,2,9,0
363,Travel_Rarely,Yes,7,7,28,7
364,Travel_Rarely,No,0,0,5,0
366,Travel_Rarely,No,0,0,10,0
367,Travel_Rarely,No,9,0,10,7
369,Non-Travel,No,6,3,6,1
372,Travel_Rarely,Yes,20,7,21,4
373,Travel_Rarely,No,15,13,16,10
374,Travel_Rarely,Yes,36,10,37,4
376,Non-Travel,Yes,10,7,10,9
377,Travel_Rarely,No,5,2,5,0
378,Travel_Rarely,No,5,4,7,0
379,Travel_Rarely,No,3,2,3,1
380,Non-Travel,Yes,5,2,15,0
381,Travel_Rarely,No,7,7,10,6
382,Travel_Rarely,Yes,8,0,8,7
384,Travel_Frequently,No,6,5,6,1
385,Travel_Rarely,No,10,4,28,1
386,Travel_Rarely,Yes,5,3,21,1
387,Travel_Rarely,No,20,16,20,11
388,Travel_Frequently,No,10,7,10,0
389,Travel_Rarely,Yes,10,7,12,0
390,Travel_Frequently,Yes,5,3,5,3
391,Travel_Rarely,No,17,12,17,5
392,Travel_Frequently,Yes,1,0,19,0
393,Travel_Rarely,No,2,2,10,1
394,Travel_Rarely,Yes,3,2,5,0
395,Travel_Rarely,No,5,3,5,0
396,Travel_Frequently,Yes,3,2,22,1
397,Travel_Rarely,No,8,0,10,7
399,Travel_Frequently,No,2,2,2,2
401,Travel_Rarely,Yes,8,7,8,7
403,Travel_Frequently,Yes,4,2,4,1
404,Travel_Frequently,No,20,4,23,4
405,Travel_Rarely,No,0,0,0,0
406,Travel_Rarely,No,11,9,12,6
407,Travel_Frequently,No,1,0,4,0
408,Travel_Rarely,No,4,1,13,1
410,Travel_Rarely,No,22,10,22,0
411,Travel_Rarely,No,0,0,0,0
412,Travel_Rarely,No,8,3,9,0
416,Travel_Rarely,No,8,7,10,7
417,Travel_Rarely,No,18,10,19,3
419,Non-Travel,No,9,8,11,0
420,Travel_Rarely,No,13,8,13,4
421,Travel_Rarely,No,10,8,19,0
422,Non-Travel,Yes,5,3,12,1
423,Travel_Rarely,Yes,5,2,6,0
424,Travel_Rarely,No,2,2,9,1
425,Travel_Frequently,No,24,9,24,9
426,Travel_Rarely,Yes,2,2,3,2
428,Travel_Frequently,No,10,6,12,8
429,Travel_Rarely,Yes,21,9,21,11
430,Travel_Frequently,No,8,7,9,1
431,Travel_Rarely,Yes,7,1,25,0
433,Travel_Rarely,No,8,2,11,7
434,Travel_Rarely,Yes,4,3,4,1
436,Travel_Rarely,Yes,13,12,13,11
437,Travel_Rarely,Yes,5,4,5,0
438,Travel_Rarely,No,7,7,13,1
439,Travel_Rarely,No,7,7,10,0
440,Travel_Rarely,Yes,3,2,5,2
441,Travel_Rarely,No,10,8,11,1
442,Travel_Frequently,No,10,9,10,8
444,Travel_Frequently,No,21,9,21,13
445,Travel_Rarely,Yes,1,0,12,0
446,Travel_Frequently,No,7,7,9,0
447,Travel_Rarely,No,3,2,21,1
448,Travel_Frequently,No,9,7,9,0
449,Non-Travel,Yes,5,4,6,1
450,Travel_Frequently,No,4,3,20,0
451,Travel_Rarely,No,1,0,10,0
452,Travel_Rarely,No,10,9,12,9
453,Travel_Rarely,Yes,4,3,6,0
454,Travel_Rarely,Yes,7,7,7,0
455,Travel_Rarely,No,3,2,4,2
456,Travel_Rarely,No,10,9,10,1
458,Travel_Rarely,No,8,7,8,0
460,Travel_Rarely,No,6,2,8,0
461,Travel_Rarely,Yes,11,10,12,2
462,Travel_Rarely,Yes,11,9,11,4
463,Travel_Rarely,Yes,7,7,7,1
464,Travel_Rarely,No,16,6,17,0
465,Travel_Rarely,No,4,2,4,0
466,Travel_Rarely,Yes,5,4,8,1
467,Travel_Frequently,No,0,0,5,0
468,Travel_Rarely,No,1,0,16,0
469,Non-Travel,No,4,3,4,0
470,Travel_Rarely,Yes,3,2,4,1
471,Travel_Rarely,No,8,0,8,0
473,Travel_Rarely,No,0,0,15,0
474,Travel_Rarely,Yes,7,7,13,6
475,Non-Travel,Yes,2,2,4,2
476,Travel_Rarely,No,8,7,8,7
477,Travel_Rarely,No,1,0,14,0
478,Travel_Frequently,Yes,3,2,3,1
479,Non-Travel,No,1,0,7,0
481,Travel_Frequently,No,13,9,16,1
482,Travel_Rarely,No,3,2,15,1
483,Travel_Rarely,Yes,7,7,10,1
484,Non-Travel,No,3,2,3,2
485,Travel_Rarely,Yes,1,0,1,0
486,Travel_Rarely,No,5,4,17,0
487,Non-Travel,No,1,0,7,0
488,Travel_Frequently,No,8,7,8,7
491,Travel_Rarely,No,4,3,20,1
492,Travel_Rarely,Yes,6,4,8,1
493,Travel_Rarely,Yes,2,2,3,2
494,Travel_Rarely,No,1,0,1,0
495,Travel_Rarely,No,3,2,6,1
496,Travel_Rarely,No,1,1,10,0
497,Travel_Rarely,No,5,2,5,0
498,Travel_Rarely,No,7,5,7,0
499,Travel_Rarely,No,5,2,26,0
500,Travel_Rarely,No,7,7,18,0
501,Travel_Rarely,No,2,2,6,2
502,Non-Travel,Yes,5,2,9,0
505,Travel_Rarely,Yes,5,4,30,1
507,Travel_Rarely,Yes,5,2,5,0
508,Travel_Rarely,No,1,0,1,0
510,Travel_Frequently,No,6,4,7,0
511,Travel_Rarely,No,2,1,2,1
513,Travel_Rarely,No,10,9,10,9
514,Travel_Frequently,Yes,1,0,3,0
515,Travel_Rarely,No,18,7,18,12
516,Travel_Rarely,No,5,4,8,1
517,Travel_Rarely,No,5,2,8,1
518,Travel_Rarely,Yes,1,0,18,0
520,Travel_Rarely,No,25,10,25,3
521,Travel_Rarely,No,1,0,20,0
522,Travel_Rarely,No,4,2,24,1
523,Non-Travel,No,3,2,6,1
524,Travel_Rarely,No,13,10,13,3
525,Travel_Frequently,No,3,2,8,1
526,Travel_Rarely,Yes,5,2,8,0
527,Travel_Rarely,Yes,5,4,5,1
529,Non-Travel,Yes,13,11,15,10
530,Travel_Rarely,No,4,2,4,3
531,Travel_Frequently,Yes,21,8,21,1
532,Travel_Frequently,No,7,7,36,7
533,Travel_Rarely,No,5,4,6,4
534,Travel_Rarely,No,10,7,10,0
536,Travel_Rarely,No,10,0,10,1
538,Travel_Rarely,No,2,2,6,0
543,Travel_Rarely,Yes,5,4,28,0
544,Travel_Rarely,No,2,2,8,0
546,Travel_Rarely,No,5,2,31,1
547,Travel_Frequently,No,5,4,19,0
548,Travel_Rarely,No,5,4,11,0
549,Travel_Rarely,No,29,8,33,11
550,Travel_Rarely,No,10,7,19,0
551,Travel_Frequently,No,6,5,7,0
554,Travel_Rarely,Yes,5,3,6,1
555,Travel_Frequently,No,2,2,3,1
556,Travel_Frequently,Yes,1,0,1,0
558,Travel_Rarely,No,20,15,21,1
560,Travel_Rarely,No,3,2,3,0
562,Non-Travel,No,5,3,9,1
564,Travel_Rarely,No,10,2,10,0
565,Travel_Rarely,No,2,2,6,1
566,Travel_Rarely,No,1,0,1,0
567,Non-Travel,No,9,8,10,7
568,Travel_Rarely,No,1,0,32,0
569,Travel_Rarely,No,27,10,28,15
571,Non-Travel,No,11,7,12,6
573,Travel_Frequently,No,18,13,22,13
574,Travel_Rarely,No,5,0,20,0
575,Travel_Rarely,No,3,2,26,0
577,Travel_Rarely,No,5,4,6,4
578,Travel_Rarely,No,1,0,19,0
579,Travel_Rarely,No,7,3,14,5
580,Travel_Rarely,Yes,3,2,15,1
581,Travel_Rarely,No,13,8,13,0
582,Travel_Rarely,Yes,7,6,15,7
584,Travel_Rarely,No,4,3,8,1
585,Travel_Rarely,No,3,2,4,1
586,Travel_Rarely,Yes,8,7,10,0
587,Travel_Frequently,No,1,0,12,0
590,Travel_Frequently,Yes,3,2,11,0
591,Travel_Frequently,No,2,2,8,2
592,Non-Travel,No,10,3,10,9
593,Travel_Frequently,No,2,2,4,1
595,Travel_Rarely,No,9,7,14,6
597,Travel_Rarely,No,10,9,37,7
599,Non-Travel,No,14,3,16,1
600,Travel_Rarely,No,11,9,15,6
601,Travel_Rarely,No,20,6,22,5
602,Travel_Frequently,No,8,3,8,0
604,Travel_Rarely,Yes,6,5,10,0
605,Travel_Rarely,Yes,10,9,10,5
606,Travel_Rarely,No,8,7,9,3
608,Travel_Frequently,Yes,7,7,8,1
611,Travel_Rarely,No,3,2,8,1
612,Travel_Rarely,No,6,1,10,0
613,Travel_Rarely,No,5,4,10,0
614,Travel_Frequently,Yes,0,0,0,0
615,Non-Travel,No,1,0,20,0
616,Non-Travel,Yes,8,7,10,0
618,Travel_Rarely,No,0,0,8,0
620,Travel_Rarely,No,5,4,5,0
621,Travel_Rarely,No,10,7,10,5
622,Travel_Rarely,Yes,1,0,1,0
623,Travel_Rarely,No,6,5,12,1
624,Travel_Frequently,No,2,2,28,1
625,Travel_Rarely,No,18,16,22,11
626,Non-Travel,No,9,5,9,7
630,Travel_Rarely,Yes,10,9,18,6
631,Non-Travel,No,4,2,6,1
632,Travel_Frequently,No,2,2,3,2
634,Travel_Rarely,No,1,0,18,0
635,Travel_Rarely,No,6,5,8,4
638,Travel_Rarely,Yes,31,9,31,0
639,Travel_Rarely,Yes,6,5,6,1
641,Travel_Rarely,No,5,3,6,1
643,Travel_Rarely,No,1,0,1,0
644,Travel_Frequently,No,32,5,32,10
645,Travel_Rarely,No,7,4,7,0
647,Travel_Frequently,Yes,6,3,6,1
648,Travel_Frequently,No,1,0,1,0
649,Travel_Rarely,Yes,6,5,6,1
650,Travel_Rarely,No,3,1,9,1
652,Travel_Rarely,No,3,2,9,0
653,Travel_Rarely,No,7,7,13,5
655,Travel_Rarely,No,5,3,6,0
656,Travel_Rarely,Yes,3,0,17,1
657,Travel_Rarely,No,1,0,1,0
659,Travel_Rarely,No,10,2,10,2
661,Travel_Rarely,Yes,1,0,21,0
662,Travel_Rarely,No,0,0,8,0
663,Travel_Frequently,Yes,8,7,10,4
664,Travel_Rarely,No,3,2,21,0
665,Travel_Rarely,No,2,2,10,0
666,Travel_Rarely,Yes,8,2,8,0
667,Travel_Rarely,No,4,3,5,0
669,Travel_Rarely,No,3,2,3,1
671,Travel_Rarely,Yes,2,2,26,0
675,Travel_Rarely,No,2,2,3,2
677,Travel_Rarely,No,5,0,6,1
679,Travel_Rarely,Yes,6,4,6,0
680,Travel_Frequently,No,1,0,1,0
682,Travel_Rarely,No,14,7,18,8
683,Travel_Rarely,No,10,9,10,8
684,Travel_Frequently,No,1,1,5,0
686,Travel_Rarely,Yes,3,2,3,0
689,Travel_Rarely,No,10,7,10,7
690,Travel_Rarely,No,6,0,6,1
691,Travel_Rarely,No,17,11,17,11
692,Travel_Frequently,No,13,11,15,4
698,Travel_Rarely,No,9,7,16,7
699,Travel_Rarely,Yes,3,2,13,0
700,Travel_Rarely,No,4,2,5,1
701,Travel_Rarely,Yes,1,0,1,1
702,Travel_Frequently,Yes,10,8,10,9
704,Non-Travel,No,1,0,1,0
705,Travel_Rarely,No,3,2,5,0
707,Travel_Rarely,No,3,2,4,1
709,Travel_Rarely,No,7,7,8,0
710,Travel_Frequently,No,10,7,10,2
712,Travel_Rarely,No,2,2,12,2
714,Travel_Frequently,Yes,6,5,6,0
715,Travel_Rarely,No,1,0,4,0
716,Travel_Rarely,Yes,20,8,20,3
717,Travel_Rarely,No,8,7,9,7
720,Travel_Rarely,No,2,2,4,2
721,Travel_Rarely,No,20,7,20,11
722,Travel_Rarely,No,10,7,10,0
723,Travel_Frequently,Yes,4,3,18,1
724,Travel_Rarely,No,9,7,10,1
725,Travel_Rarely,No,9,7,9,0
727,Travel_Rarely,No,7,7,10,7
728,Travel_Rarely,No,7,7,20,1
729,Travel_Frequently,Yes,18,13,20,1
730,Travel_Rarely,No,5,1,32,1
731,Travel_Rarely,No,21,6,23,12
732,Travel_Rarely,No,2,2,10,2
733,Travel_Frequently,No,9,7,9,1
734,Travel_Rarely,No,22,7,22,2
738,Travel_Rarely,No,2,2,4,2
741,Travel_Rarely,Yes,7,7,10,3
742,Non-Travel,No,8,7,10,0
743,Travel_Rarely,Yes,1,0,10,0
744,Non-Travel,No,5,2,9,1
746,Travel_Frequently,Yes,22,2,28,11
747,Travel_Rarely,No,8,7,10,7
749,Travel_Rarely,No,1,0,1,0
752,Travel_Frequently,Yes,2,2,7,2
754,Travel_Frequently,No,2,2,7,2
757,Travel_Rarely,No,5,1,10,4
758,Travel_Rarely,No,4,3,5,0
760,Travel_Rarely,No,8,3,12,3
762,Travel_Rarely,No,10,7,30,1
763,Travel_Rarely,Yes,4,2,5,2
764,Travel_Rarely,No,7,6,9,0
766,Travel_Rarely,No,2,2,2,2
769,Travel_Rarely,No,2,2,19,2
771,Non-Travel,No,1,0,16,0
772,Travel_Frequently,No,10,8,10,4
773,Travel_Rarely,Yes,1,0,6,0
775,Travel_Rarely,No,0,0,7,0
776,Travel_Rarely,No,34,6,34,1
780,Travel_Rarely,Yes,10,9,10,7
781,Travel_Rarely,No,6,5,6,1
783,Travel_Rarely,No,8,7,9,3
784,Travel_Rarely,No,2,2,2,0
785,Travel_Frequently,Yes,5,4,8,1
786,Travel_Rarely,No,6,5,6,1
787,Travel_Rarely,Yes,5,2,24,1
789,Non-Travel,No,10,7,10,0
791,Non-Travel,No,4,3,5,1
792,Travel_Frequently,No,2,2,5,2
793,Travel_Rarely,No,8,7,11,1
796,Travel_Rarely,No,4,3,6,1
797,Travel_Rarely,No,4,2,10,1
799,Travel_Rarely,Yes,5,3,9,1
800,Travel_Frequently,No,4,2,5,1
802,Travel_Rarely,Yes,5,3,6,4
803,Travel_Frequently,Yes,15,7,17,4
804,Travel_Rarely,No,6,5,6,1
805,Travel_Rarely,No,3,2,3,0
806,Travel_Rarely,No,2,2,7,0
807,Travel_Frequently,No,8,7,8,3
808,Travel_Rarely,No,3,2,6,1
809,Travel_Frequently,No,24,7,24,14
811,Travel_Rarely,Yes,0,0,1,0
812,Non-Travel,No,1,0,1,0
813,Travel_Rarely,No,5,2,9,1
815,Travel_Rarely,No,4,3,30,0
816,Travel_Rarely,Yes,1,0,1,0
817,Travel_Rarely,No,13,9,14,3
819,Travel_Rarely,No,3,2,6,0
820,Travel_Rarely,Yes,26,14,26,3
823,Travel_Rarely,No,9,7,10,0
824,Travel_Rarely,No,10,7,10,0
825,Travel_Rarely,Yes,31,15,40,13
826,Travel_Rarely,No,2,2,7,2
827,Travel_Rarely,Yes,4,3,8,0
828,Travel_Rarely,No,2,2,5,2
829,Travel_Rarely,No,5,2,8,0
830,Travel_Rarely,No,14,13,14,6
832,Travel_Frequently,No,1,0,10,0
833,Travel_Rarely,Yes,0,0,12,0
834,Travel_Rarely,No,1,0,1,0
836,Travel_Rarely,No,9,8,10,7
837,Travel_Frequently,No,4,3,13,1
838,Travel_Frequently,No,5,2,6,1
840,Travel_Rarely,No,9,8,9,7
842,Travel_Rarely,No,9,7,12,7
843,Travel_Rarely,No,4,1,22,1
844,Travel_Rarely,Yes,9,8,9,0
845,Travel_Rarely,No,8,5,17,1
846,Travel_Rarely,Yes,8,7,8,7
847,Travel_Rarely,No,3,2,4,0
848,Travel_Frequently,Yes,8,7,8,1
850,Non-Travel,No,0,0,0,0
851,Travel_Rarely,No,20,6,29,4
852,Travel_Rarely,No,5,2,10,2
854,Travel_Rarely,No,4,3,6,0
855,Travel_Rarely,No,9,8,9,0
856,Travel_Rarely,No,6,5,6,1
857,Travel_Rarely,Yes,18,14,18,4
859,Travel_Rarely,No,5,2,8,0
861,Travel_Frequently,No,5,4,10,0
862,Travel_Rarely,Yes,5,2,35,0
864,Travel_Rarely,Yes,5,4,18,0
865,Travel_Rarely,No,5,3,9,1
867,Travel_Frequently,No,9,8,31,0
868,Travel_Rarely,No,1,0,9,0
869,Travel_Rarely,No,5,1,6,0
872,Travel_Rarely,No,2,2,4,2
874,Travel_Rarely,Yes,3,2,10,0
875,Travel_Frequently,Yes,2,1,8,2
878,Travel_Rarely,No,5,4,6,0
879,Travel_Rarely,Yes,5,3,5,0
880,Travel_Rarely,Yes,17,14,17,5
881,Travel_Frequently,Yes,10,2,10,7
882,Non-Travel,No,3,0,4,0
885,Travel_Rarely,No,5,2,5,0
887,Travel_Rarely,No,4,2,7,0
888,Non-Travel,No,5,2,6,3
889,Travel_Frequently,No,10,8,10,5
893,Travel_Rarely,No,2,2,3,1
894,Travel_Rarely,Yes,5,3,17,1
895,Travel_Rarely,Yes,6,4,8,0
896,Travel_Rarely,Yes,3,2,5,0
897,Travel_Rarely,No,2,0,28,2
899,Travel_Rarely,No,13,10,16,4
900,Travel_Frequently,No,5,4,10,0
901,Travel_Rarely,No,12,9,33,3
902,Travel_Frequently,No,5,2,12,2
903,Travel_Rarely,Yes,7,6,8,7
904,Non-Travel,Yes,10,0,10,0
905,Non-Travel,No,31,6,31,14
909,Travel_Rarely,No,5,4,13,0
910,Travel_Rarely,Yes,4,3,7,0
911,Travel_Rarely,Yes,1,0,1,0
912,Travel_Rarely,No,4,3,8,0
913,Travel_Rarely,Yes,8,7,8,7
916,Travel_Rarely,No,4,2,4,0
918,Travel_Frequently,Yes,1,0,3,0
920,Travel_Rarely,No,1,0,4,0
922,Travel_Rarely,No,2,2,2,0
923,Travel_Rarely,No,1,0,1,0
924,Travel_Rarely,Yes,16,8,17,4
925,Travel_Rarely,Yes,3,2,3,1
926,Travel_Rarely,Yes,3,2,4,0
927,Travel_Rarely,Yes,7,7,10,1
930,Travel_Rarely,No,2,2,6,2
932,Travel_Rarely,Yes,2,2,8,2
933,Travel_Rarely,No,1,1,1,0
934,Travel_Rarely,No,1,0,1,1
936,Travel_Rarely,No,5,4,10,0
939,Travel_Rarely,Yes,3,2,6,0
940,Travel_Rarely,Yes,6,0,24,0
941,Travel_Rarely,No,7,7,13,5
942,Travel_Rarely,Yes,10,6,10,0
944,Travel_Rarely,No,26,9,29,1
945,Travel_Rarely,No,0,0,13,0
947,Non-Travel,No,9,8,9,0
949,Travel_Rarely,No,6,2,8,0
950,Travel_Rarely,No,15,12,15,5
951,Non-Travel,No,3,0,5,0
952,Travel_Rarely,Yes,1,0,1,0
954,Travel_Rarely,No,1,0,11,0
956,Travel_Frequently,No,7,7,7,0
957,Travel_Rarely,Yes,18,13,20,2
958,Travel_Rarely,No,11,8,16,3
959,Travel_Rarely,Yes,1,0,1,0
960,Travel_Rarely,No,1,0,1,0
961,Travel_Rarely,Yes,9,7,10,8
964,Travel_Frequently,Yes,1,1,3,0
966,Travel_Rarely,No,8,7,8,6
967,Travel_Rarely,Yes,16,7,16,3
969,Travel_Rarely,No,5,0,6,1
970,Travel_Rarely,No,14,1,17,11
972,Non-Travel,No,9,7,9,0
974,Travel_Frequently,No,3,1,3,0
975,Travel_Rarely,No,5,2,5,1
976,Travel_Rarely,No,9,8,26,7
977,Travel_Rarely,No,1,0,7,0
981,Travel_Rarely,No,17,13,22,15
982,Travel_Rarely,No,8,4,10,7
983,Non-Travel,Yes,5,3,6,1
984,Travel_Rarely,No,10,9,12,0
985,Travel_Rarely,No,8,7,9,0
986,Non-Travel,Yes,1,0,22,0
987,Travel_Frequently,Yes,19,10,20,2
990,Non-Travel,No,7,7,12,0
991,Non-Travel,Yes,3,2,4,1
992,Non-Travel,No,10,8,10,6
994,Travel_Rarely,Yes,0,0,3,0
995,Travel_Rarely,No,3,2,5,0
996,Travel_Rarely,No,5,3,8,0
997,Travel_Rarely,No,5,4,32,1
998,Travel_Frequently,Yes,6,5,6,1
999,Travel_Frequently,No,18,16,21,0
1001,Travel_Rarely,No,2,2,4,2
1002,Non-Travel,Yes,9,8,9,0
1003,Travel_Rarely,Yes,9,0,9,0
1004,Travel_Rarely,Yes,5,2,7,0
1005,Travel_Rarely,Yes,12,11,22,1
1006,Travel_Frequently,No,2,1,3,0
1007,Travel_Rarely,No,8,7,13,0
1009,Travel_Rarely,No,4,2,5,3
1010,Travel_Rarely,Yes,4,2,5,0
1011,Travel_Frequently,No,4,3,4,0
1012,Non-Travel,No,0,0,0,0
1013,Travel_Rarely,No,10,7,22,0
1014,Travel_Rarely,Yes,16,10,16,10
1015,Travel_Rarely,Yes,8,7,9,1
1016,Travel_Rarely,Yes,1,0,1,0
1017,Travel_Frequently,No,3,2,4,1
1018,Travel_Rarely,No,8,7,8,1
1019,Travel_Rarely,No,4,3,4,1
1022,Travel_Rarely,No,2,2,19,2
1024,Travel_Rarely,No,15,11,27,4
1025,Travel_Rarely,No,2,2,8,2
1026,Travel_Rarely,No,21,6,21,11
1027,Travel_Rarely,No,3,2,4,2
1028,Travel_Rarely,No,3,2,3,1
1029,Travel_Rarely,No,1,0,21,0
1030,Travel_Rarely,No,1,0,8,0
1032,Travel_Rarely,Yes,5,3,30,4
1033,Travel_Rarely,No,1,0,15,0
1034,Travel_Frequently,Yes,8,7,17,6
1035,Non-Travel,No,21,16,21,5
1036,Travel_Rarely,Yes,1,0,19,0
1037,Non-Travel,No,2,2,7,2
1038,Travel_Rarely,No,32,14,33,6
1039,Travel_Rarely,Yes,12,11,23,11
1040,Non-Travel,No,18,7,19,0
1042,Travel_Rarely,No,17,13,18,15
1043,Travel_Frequently,Yes,21,6,21,2
1044,Non-Travel,No,2,2,3,2
1045,Travel_Rarely,No,9,3,26,1
1046,Non-Travel,No,8,7,10,7
1047,Travel_Rarely,No,15,1,16,0
1048,Travel_Rarely,Yes,6,4,14,0
1049,Travel_Rarely,No,6,3,6,0
1050,Travel_Frequently,No,15,7,30,6
1052,Travel_Rarely,No,1,0,9,0
1053,Travel_Frequently,Yes,3,2,6,1
1055,Travel_Rarely,Yes,1,1,1,0
1056,Travel_Rarely,No,1,0,1,0
1060,Travel_Frequently,No,2,2,8,2
1061,Travel_Rarely,Yes,8,1,29,7
1062,Travel_Rarely,No,4,3,8,0
1066,Travel_Rarely,No,7,7,8,7
1068,Travel_Frequently,No,5,3,5,1
1069,Travel_Rarely,No,2,2,23,2
1070,Travel_Rarely,No,9,4,13,7
1071,Travel_Frequently,No,5,4,18,0
1073,Travel_Rarely,No,14,8,15,7
1074,Non-Travel,No,9,7,31,6
1076,Travel_Rarely,No,1,0,18,0
1077,Travel_Frequently,Yes,2,2,2,0
1079,Travel_Rarely,No,1,0,1,1
1080,Travel_Rarely,Yes,16,13,19,1
1081,Travel_Rarely,Yes,10,0,18,2
1082,Non-Travel,No,10,7,10,1
1083,Travel_Rarely,No,5,3,6,1
1084,Travel_Rarely,No,6,2,7,0
1085,Travel_Rarely,No,10,6,10,0
1088,Travel_Rarely,No,19,9,20,1
1092,Travel_Rarely,No,11,10,14,11
1094,Non-Travel,No,3,2,3,1
1096,Travel_Frequently,No,3,2,23,1
1097,Travel_Rarely,No,8,7,10,1
1098,Travel_Rarely,No,20,6,24,3
1099,Travel_Rarely,No,3,2,9,1
1100,Travel_Rarely,Yes,8,7,9,4
1101,Travel_Frequently,No,13,7,14,3
1102,Travel_Rarely,No,4,2,4,2
1103,Travel_Frequently,No,6,2,7,0
1105,Travel_Rarely,Yes,1,0,8,0
1106,Travel_Rarely,Yes,7,7,7,5
1107,Travel_Rarely,No,1,1,1,0
1108,Travel_Rarely,Yes,2,2,5,2
1109,Travel_Rarely,No,22,6,23,13
1111,Travel_Frequently,No,1,0,1,0
1113,Travel_Frequently,Yes,0,0,5,0
1114,Travel_Frequently,No,3,2,4,0
1115,Non-Travel,No,0,0,6,0
1116,Non-Travel,No,5,4,27,2
1117,Non-Travel,No,15,10,15,4
1118,Travel_Rarely,No,8,6,18,4
1119,Travel_Rarely,Yes,8,7,9,2
1120,Travel_Rarely,No,7,5,11,1
1121,Travel_Rarely,No,9,7,10,1
1124,Travel_Rarely,No,12,9,23,4
1125,Travel_Rarely,No,1,0,10,0
1126,Travel_Frequently,No,8,7,18,0
1127,Travel_Frequently,No,18,7,21,11
1128,Travel_Rarely,No,20,7,21,4
1131,Travel_Rarely,Yes,2,2,2,2
1132,Non-Travel,No,5,4,9,0
1133,Non-Travel,No,11,9,18,0
1135,Travel_Frequently,No,2,2,3,2
1136,Travel_Rarely,No,5,3,6,0
1137,Travel_Frequently,No,5,2,5,0
1138,Travel_Rarely,No,9,8,22,2
1140,Travel_Frequently,No,3,2,5,0
1143,Travel_Frequently,No,7,5,8,1
1148,Travel_Rarely,No,1,0,16,0
1150,Travel_Rarely,Yes,10,7,10,1
1152,Travel_Rarely,No,7,6,7,5
1154,Travel_Frequently,Yes,3,1,3,0
1156,Non-Travel,No,0,0,0,0
1157,Travel_Rarely,Yes,5,2,6,0
1158,Travel_Rarely,Yes,1,0,6,0
1160,Travel_Frequently,No,2,2,2,2
1161,Travel_Rarely,No,6,2,9,1
1162,Travel_Rarely,No,4,2,4,2
1163,Travel_Rarely,No,6,5,6,1
1164,Travel_Rarely,No,5,4,6,1
1165,Travel_Rarely,No,11,8,11,3
1166,Travel_Frequently,No,18,7,20,2
1167,Travel_Frequently,Yes,21,9,22,13
1171,Travel_Rarely,No,6,4,9,1
1172,Travel_Rarely,No,8,0,10,1
1173,Travel_Rarely,No,4,3,6,1
1175,Travel_Rarely,Yes,1,1,1,0
1177,Travel_Rarely,No,8,7,8,0
1179,Travel_Rarely,No,10,3,10,1
1180,Travel_Frequently,Yes,1,1,16,0
1182,Travel_Rarely,No,7,7,15,6
1184,Travel_Frequently,No,13,9,14,4
1185,Travel_Frequently,No,2,2,2,2
1188,Travel_Rarely,No,4,3,7,1
1190,Non-Travel,No,1,0,1,0
1191,Travel_Rarely,No,5,2,28,4
1192,Travel_Rarely,No,10,8,10,0
1193,Travel_Rarely,No,1,1,1,0
1195,Travel_Rarely,Yes,3,2,7,0
1196,Travel_Rarely,No,14,8,14,3
1198,Travel_Rarely,No,2,2,2,1
1200,Travel_Rarely,Yes,6,4,6,0
1201,Travel_Rarely,No,7,7,26,4
1202,Travel_Rarely,Yes,5,4,6,1
1203,Travel_Frequently,Yes,0,0,1,0
1204,Travel_Rarely,No,26,15,28,15
1206,Non-Travel,No,0,0,6,0
1207,Travel_Rarely,No,5,4,5,1
1210,Non-Travel,No,1,0,5,0
1211,Travel_Rarely,No,4,3,8,0
1212,Travel_Frequently,No,0,0,5,0
1215,Travel_Frequently,No,2,2,32,2
1216,Travel_Rarely,No,6,5,6,3
1217,Travel_Rarely,No,4,2,25,0
1218,Travel_Rarely,Yes,7,7,15,1
1219,Travel_Rarely,No,1,0,1,0
1220,Travel_Frequently,No,10,7,10,0
1221,Travel_Rarely,No,7,7,7,1
1224,Travel_Rarely,No,10,7,10,8
1225,Travel_Rarely,No,20,11,20,13
1226,Travel_Rarely,No,2,1,2,2
1228,Travel_Rarely,No,6,3,12,1
1231,Non-Travel,No,4,3,10,0
1233,Travel_Rarely,Yes,11,7,12,1
1234,Travel_Frequently,No,2,2,2,2
1235,Travel_Frequently,Yes,8,7,10,0
1237,Travel_Rarely,Yes,7,7,17,7
1238,Travel_Rarely,No,14,10,15,4
1239,Travel_Rarely,No,5,1,7,1
1240,Travel_Rarely,No,4,3,5,1
1241,Travel_Rarely,Yes,11,9,12,5
1242,Travel_Frequently,Yes,1,0,20,0
1243,Non-Travel,Yes,13,2,16,4
1244,Travel_Rarely,Yes,9,7,9,6
1245,Travel_Frequently,No,5,4,33,1
1246,Travel_Rarely,No,10,5,10,7
1248,Non-Travel,Yes,1,1,1,0
1249,Travel_Rarely,No,3,2,3,1
1250,Travel_Rarely,No,10,9,36,0
1251,Travel_Rarely,Yes,6,5,6,0
1252,Travel_Rarely,No,10,9,10,1
1254,Travel_Rarely,No,6,1,13,0
1255,Travel_Rarely,No,8,7,25,0
1256,Travel_Rarely,No,1,0,23,0
1257,Travel_Frequently,No,11,10,12,0
1258,Travel_Rarely,No,1,0,7,0
1259,Travel_Rarely,No,5,3,5,0
1260,Travel_Rarely,Yes,6,0,6,1
1263,Travel_Rarely,No,1,0,25,0
1264,Travel_Rarely,No,7,7,9,1
1265,Travel_Rarely,No,1,0,2,0
1267,Travel_Rarely,No,22,9,26,3
1268,Travel_Rarely,Yes,9,8,10,0
1269,Travel_Rarely,Yes,1,0,1,0
1270,Travel_Rarely,No,1,0,1,0
1273,Travel_Frequently,Yes,1,0,1,1
1275,Travel_Rarely,Yes,8,5,8,2
1277,Travel_Rarely,Yes,24,10,26,1
1278,Non-Travel,Yes,33,9,34,15
1279,Travel_Frequently,No,2,2,2,2
1280,Travel_Rarely,No,11,4,26,0
1281,Travel_Rarely,Yes,3,2,4,0
1282,Travel_Frequently,Yes,29,10,31,11
1283,Travel_Rarely,No,9,7,25,5
1285,Travel_Frequently,No,11,8,15,5
1286,Travel_Frequently,Yes,4,2,5,0
1288,Travel_Rarely,No,25,9,26,14
1289,Travel_Frequently,No,10,9,14,1
1291,Travel_Rarely,Yes,3,2,4,2
1292,Travel_Rarely,Yes,1,0,18,0
1293,Travel_Rarely,No,21,7,23,15
1294,Travel_Rarely,Yes,16,14,18,5
1295,Travel_Rarely,No,10,7,10,0
1296,Travel_Frequently,Yes,2,2,2,2
1297,Travel_Frequently,No,7,0,8,7
1298,Non-Travel,Yes,8,4,10,1
1299,Travel_Rarely,Yes,7,7,10,7
1301,Travel_Rarely,No,3,2,5,1
1303,Travel_Rarely,No,2,2,2,2
1304,Travel_Rarely,No,10,7,10,0
1306,Travel_Frequently,No,0,0,22,0
1307,Travel_Rarely,Yes,19,9,21,15
1308,Travel_Rarely,No,2,2,2,2
1309,Travel_Rarely,No,10,4,10,1
1310,Travel_Rarely,No,5,2,6,0
1311,Travel_Rarely,No,9,2,10,6
1312,Travel_Rarely,No,7,7,10,1
1314,Travel_Rarely,No,7,6,10,5
1315,Non-Travel,No,9,8,10,7
1317,Travel_Rarely,Yes,3,2,25,1
1318,Travel_Rarely,Yes,5,4,9,1
1319,Travel_Rarely,Yes,8,7,10,7
1321,Travel_Rarely,Yes,9,1,9,0
1322,Travel_Rarely,No,8,7,9,1
1324,Non-Travel,Yes,10,8,10,9
1329,Non-Travel,No,19,2,19,11
1331,Travel_Frequently,Yes,3,2,3,2
1333,Travel_Rarely,No,3,2,10,1
1334,Non-Travel,Yes,20,8,21,2
1336,Travel_Rarely,No,19,9,23,9
1338,Travel_Rarely,No,7,3,36,7
1340,Non-Travel,No,4,2,6,0
1344,Travel_Rarely,No,9,7,10,1
1346,Travel_Rarely,No,9,8,9,8
1349,Travel_Frequently,No,9,3,10,1
1350,Travel_Frequently,Yes,9,6,9,1
1352,Travel_Rarely,Yes,33,9,33,0
1355,Travel_Rarely,No,7,7,11,1
1356,Travel_Rarely,No,10,8,10,9
1358,Travel_Rarely,No,3,2,7,1
1360,Travel_Rarely,Yes,10,9,31,5
1361,Travel_Rarely,No,4,2,7,0
1362,Travel_Frequently,No,15,7,17,6
1363,Travel_Rarely,No,10,9,11,0
1364,Travel_Rarely,No,1,0,5,0
1367,Travel_Rarely,No,5,2,29,0
1368,Non-Travel,No,0,0,0,0
1369,Travel_Rarely,No,9,7,10,0
1371,Travel_Frequently,No,6,2,8,0
1372,Travel_Rarely,Yes,19,7,24,3
1373,Travel_Rarely,Yes,19,16,33,15
1374,Non-Travel,No,5,4,5,0
1375,Travel_Rarely,No,12,11,15,11
1377,Travel_Rarely,No,8,7,10,7
1379,Travel_Frequently,No,1,0,3,0
1380,Travel_Frequently,Yes,4,2,5,3
1382,Travel_Frequently,No,4,2,4,0
1383,Travel_Rarely,No,14,11,14,4
1387,Travel_Rarely,No,5,3,5,0
1389,Travel_Rarely,Yes,10,2,10,6
1390,Travel_Rarely,Yes,5,4,8,1
1391,Travel_Frequently,No,4,2,14,3
1392,Travel_Frequently,Yes,6,2,12,3
1394,Travel_Rarely,Yes,6,4,8,1
1395,Travel_Frequently,No,5,4,8,1
1396,Travel_Rarely,Yes,3,2,4,1
1397,Non-Travel,No,6,4,13,0
1399,Travel_Rarely,No,3,2,6,1
1401,Travel_Frequently,Yes,5,3,24,0
1402,Travel_Rarely,Yes,20,7,20,1
1403,Travel_Rarely,Yes,6,2,6,4
1405,Travel_Rarely,Yes,8,2,8,7
1407,Travel_Rarely,No,4,3,5,1
1408,Travel_Rarely,No,20,7,21,0
1409,Travel_Rarely,No,5,4,12,0
1411,Travel_Rarely,No,3,2,8,0
1412,Travel_Frequently,No,2,2,10,2
1415,Travel_Rarely,No,3,2,7,0
1417,Travel_Rarely,No,7,7,8,0
1419,Travel_Rarely,No,10,9,10,0
1420,Travel_Frequently,No,4,3,20,1
1421,Travel_Frequently,Yes,8,7,9,7
1422,Travel_Rarely,No,20,7,29,12
1423,Travel_Rarely,Yes,9,8,32,1
1424,Travel_Rarely,No,7,7,31,0
1425,Travel_Rarely,Yes,5,4,15,0
1427,Travel_Frequently,No,1,0,1,0
1428,Travel_Rarely,No,3,2,8,0
1430,Travel_Rarely,No,3,2,9,1
1431,Travel_Frequently,No,4,3,10,1
1433,Travel_Rarely,No,1,0,1,0
1434,Travel_Rarely,No,5,0,6,1
1435,Travel_Rarely,No,10,4,10,1
1436,Travel_Rarely,No,3,2,11,0
1438,Travel_Rarely,No,6,5,17,1
1439,Travel_Rarely,No,3,2,6,2
1440,Non-Travel,No,6,5,7,1
1441,Travel_Rarely,No,3,2,5,1
1443,Travel_Rarely,No,20,17,26,5
1445,Travel_Rarely,Yes,5,4,5,0
1446,Travel_Rarely,No,4,3,7,0
1447,Travel_Rarely,No,5,4,7,0
1448,Travel_Rarely,Yes,4,2,7,0
1449,Non-Travel,No,8,7,11,0
1453,Travel_Rarely,No,13,7,13,9
1457,Travel_Rarely,No,7,7,28,4
1458,Non-Travel,Yes,1,0,11,0
1459,Travel_Frequently,No,10,8,10,4
1460,Travel_Rarely,Yes,7,7,24,0
1461,Travel_Rarely,No,3,2,8,0
1464,Travel_Frequently,Yes,2,2,7,2
1465,Travel_Rarely,Yes,3,1,10,1
1466,Travel_Rarely,No,2,2,15,2
1467,Travel_Rarely,No,2,2,2,2
1468,Non-Travel,No,9,8,16,4
1469,Travel_Rarely,No,5,4,6,1
1471,Non-Travel,No,5,2,7,0
1472,Travel_Rarely,No,9,8,35,8
1473,Travel_Rarely,No,3,2,20,1
1474,Travel_Rarely,No,3,1,8,1
1475,Travel_Rarely,No,5,2,6,1
1477,Travel_Frequently,No,4,3,5,0
1478,Travel_Rarely,No,13,9,15,3
1479,Travel_Rarely,No,2,1,4,2
1480,Travel_Frequently,No,12,9,12,5
1481,Travel_Frequently,No,1,0,11,0
1482,Non-Travel,No,1,0,1,0
1483,Travel_Rarely,No,12,9,13,2
1484,Travel_Rarely,No,8,7,29,0
1485,Travel_Frequently,No,14,8,16,6
1486,Travel_Frequently,No,3,2,5,1
1487,Travel_Frequently,No,5,3,7,0
1489,Travel_Rarely,Yes,15,9,16,10
1492,Travel_Rarely,No,1,0,1,0
1494,Travel_Frequently,Yes,0,0,4,0
1495,Non-Travel,No,1,0,1,0
1496,Travel_Frequently,Yes,2,2,16,2
1497,Travel_Rarely,No,10,7,10,0
1499,Travel_Rarely,No,5,3,6,1
1501,Travel_Rarely,Yes,3,2,4,1
1502,Travel_Rarely,No,5,4,8,0
1503,Travel_Rarely,Yes,5,4,11,1
1504,Travel_Frequently,No,0,0,8,0
1506,Travel_Rarely,No,1,0,1,0
1507,Travel_Frequently,No,4,2,5,1
1509,Travel_Rarely,No,3,2,10,1
1513,Travel_Frequently,No,3,2,4,0
1514,Travel_Rarely,No,8,6,8,1
1515,Travel_Rarely,Yes,0,0,14,0
1516,Travel_Rarely,No,5,2,10,0
1520,Travel_Frequently,No,14,9,26,1
1522,Travel_Rarely,No,9,7,11,0
1523,Travel_Rarely,No,20,6,24,14
1525,Travel_Rarely,No,2,0,9,2
1527,Travel_Rarely,No,13,12,23,5
1529,Travel_Rarely,No,11,8,11,3
1533,Travel_Rarely,No,4,3,5,1
1534,Travel_Rarely,No,5,4,15,1
1535,Travel_Rarely,Yes,10,9,10,8
1537,Travel_Frequently,No,7,2,7,7
1539,Travel_Frequently,Yes,32,6,32,13
1541,Travel_Rarely,Yes,11,10,12,5
1542,Travel_Rarely,No,1,0,4,0
1543,Travel_Rarely,No,10,8,10,3
1544,Travel_Rarely,No,7,7,9,0
1545,Travel_Rarely,No,5,3,5,0
1546,Travel_Rarely,No,5,4,8,0
1547,Travel_Frequently,Yes,20,8,24,13
1548,Travel_Rarely,No,8,4,9,7
1549,Travel_Rarely,Yes,15,14,15,5
1550,Travel_Rarely,Yes,21,7,21,7
1551,Travel_Rarely,No,1,1,2,0
1552,Non-Travel,Yes,2,2,8,2
1553,Travel_Rarely,No,10,8,10,7
1554,Travel_Rarely,No,5,3,6,4
1555,Travel_Rarely,No,7,1,12,2
1556,Travel_Rarely,Yes,3,2,7,1
1557,Travel_Rarely,No,8,7,18,7
1558,Travel_Rarely,No,1,0,5,0
1560,Travel_Rarely,No,2,2,8,2
1562,Travel_Rarely,No,10,8,10,6
1563,Travel_Frequently,No,6,3,10,1
1564,Travel_Rarely,No,3,0,3,1
1568,Travel_Rarely,No,4,2,9,1
1569,Travel_Rarely,Yes,1,0,1,0
1572,Travel_Rarely,No,33,7,34,1
1573,Travel_Rarely,No,5,2,7,1
1574,Non-Travel,No,6,5,9,1
1576,Travel_Rarely,No,8,2,10,7
1577,Travel_Rarely,No,1,0,1,0
1578,Travel_Rarely,No,36,6,36,2
1580,Travel_Rarely,No,2,2,9,2
1581,Travel_Rarely,No,1,0,1,0
1582,Travel_Rarely,No,9,8,10,7
1583,Travel_Rarely,No,3,2,8,1
1585,Travel_Rarely,No,1,0,15,0
1586,Travel_Rarely,Yes,10,9,10,1
1587,Travel_Rarely,Yes,5,2,10,0
1588,Travel_Rarely,No,7,6,11,7
1590,Travel_Frequently,No,6,4,6,1
1591,Travel_Rarely,Yes,1,0,27,0
1592,Travel_Rarely,No,2,2,4,2
1594,Travel_Frequently,Yes,3,2,9,0
1595,Travel_Rarely,No,1,0,24,0
1596,Travel_Rarely,No,10,9,10,6
1597,Travel_Frequently,No,8,2,8,7
1598,Travel_Rarely,No,5,4,5,1
1599,Travel_Rarely,No,6,4,8,0
1601,Travel_Rarely,No,1,0,1,0
1602,Travel_Rarely,No,26,0,27,0
1604,Travel_Rarely,Yes,1,1,1,0
1605,Non-Travel,Yes,4,2,4,1
1606,Travel_Frequently,Yes,30,8,32,12
1607,Travel_Rarely,No,3,2,6,0
1608,Travel_Rarely,Yes,22,7,23,1
1609,Travel_Rarely,No,6,4,6,1
1611,Travel_Rarely,Yes,10,7,10,1
1612,Non-Travel,No,10,7,10,4
1613,Travel_Frequently,No,5,2,10,0
1614,Travel_Rarely,Yes,3,2,7,1
1615,Travel_Frequently,No,9,7,9,7
1617,Travel_Rarely,No,9,6,10,1
1618,Travel_Rarely,No,7,7,10,7
1619,Travel_Rarely,No,7,7,7,0
1621,Travel_Rarely,No,16,15,16,1
1622,Travel_Rarely,No,5,3,6,0
1623,Travel_Rarely,No,2,2,3,2
1624,Travel_Frequently,Yes,0,0,0,0
1625,Travel_Rarely,No,5,2,27,1
1627,Travel_Rarely,No,10,8,11,0
1628,Travel_Rarely,No,18,15,18,14
1630,Non-Travel,No,14,11,15,2
1631,Travel_Rarely,No,4,3,9,0
1633,Travel_Frequently,No,9,2,10,3
1635,Travel_Rarely,No,10,7,10,3
1638,Travel_Rarely,Yes,5,4,10,0
1639,Travel_Rarely,No,13,12,15,6
1640,Travel_Rarely,No,8,4,8,7
1641,Travel_Rarely,Yes,4,2,18,3
1642,Travel_Frequently,Yes,10,7,14,0
1644,Travel_Frequently,No,2,2,23,2
1645,Travel_Rarely,Yes,2,2,7,2
1646,Travel_Frequently,Yes,6,3,6,1
1647,Travel_Rarely,No,3,2,5,0
1648,Travel_Frequently,No,4,2,6,1
1649,Travel_Rarely,Yes,4,2,10,0
1650,Travel_Rarely,No,5,2,8,1
1651,Travel_Rarely,No,3,2,9,0
1653,Travel_Frequently,No,7,7,7,0
1654,Travel_Rarely,No,5,4,7,1
1655,Travel_Rarely,No,4,2,27,1
1656,Travel_Rarely,No,14,11,19,1
1657,Travel_Rarely,No,2,2,2,2
1658,Travel_Rarely,No,11,8,11,7
1659,Travel_Rarely,No,4,3,15,1
1661,Travel_Rarely,Yes,15,11,30,2
1662,Non-Travel,No,3,2,4,1
1664,Travel_Rarely,No,5,4,13,0
1665,Travel_Rarely,No,10,8,36,4
1666,Travel_Rarely,No,14,10,14,6
1667,Travel_Frequently,Yes,11,9,13,6
1668,Travel_Frequently,No,13,11,19,2
1669,Travel_Rarely,Yes,10,0,10,0
1670,Travel_Rarely,No,6,2,6,0
1671,Travel_Rarely,No,9,5,10,1
1673,Travel_Rarely,No,10,0,10,0
1674,Travel_Rarely,Yes,2,2,17,2
1675,Travel_Frequently,No,4,3,4,3
1676,Travel_Rarely,No,3,2,29,1
1677,Travel_Rarely,No,8,7,23,0
1678,Travel_Rarely,Yes,2,0,21,0
1680,Travel_Rarely,No,2,2,2,0
1681,Non-Travel,Yes,6,5,7,1
1682,Travel_Rarely,No,3,2,10,0
1683,Travel_Rarely,Yes,2,2,8,2
1684,Travel_Rarely,Yes,5,4,5,1
1687,Travel_Rarely,No,0,0,7,0
1689,Travel_Rarely,No,4,3,11,1
1691,Travel_Frequently,Yes,9,7,19,7
1692,Travel_Rarely,No,1,0,1,0
1693,Non-Travel,No,7,7,7,5
1694,Travel_Rarely,No,4,2,8,1
1696,Travel_Rarely,No,15,10,15,4
1697,Travel_Rarely,No,1,0,19,0
1698,Travel_Rarely,No,14,11,14,2
1700,Travel_Frequently,No,6,3,6,1
1701,Travel_Rarely,No,10,9,10,8
1702,Travel_Rarely,Yes,3,2,3,0
1703,Travel_Rarely,Yes,8,7,9,6
1704,Travel_Frequently,Yes,5,4,6,1
1706,Travel_Rarely,Yes,10,9,10,8
1707,Travel_Rarely,No,5,3,5,0
1708,Travel_Rarely,No,10,8,10,8
1709,Travel_Rarely,No,5,3,9,1
1710,Travel_Rarely,No,13,7,17,6
1712,Non-Travel,No,23,15,25,14
1714,Travel_Rarely,No,1,0,1,0
1716,Travel_Frequently,No,23,5,25,14
1718,Travel_Rarely,No,3,2,3,0
1719,Travel_Rarely,No,21,6,21,8
1720,Travel_Frequently,No,5,2,10,1
1721,Travel_Rarely,No,5,2,6,0
1722,Non-Travel,No,3,2,10,1
1724,Travel_Rarely,Yes,1,0,18,0
1725,Travel_Rarely,No,6,2,6,1
1727,Travel_Rarely,No,10,7,19,0
1728,Travel_Rarely,No,7,7,17,0
1729,Travel_Rarely,No,10,0,10,0
1731,Non-Travel,No,1,0,4,0
1732,Travel_Rarely,Yes,10,6,13,0
1733,Travel_Rarely,Yes,2,2,16,2
1734,Travel_Rarely,No,0,0,10,0
1735,Travel_Rarely,No,3,2,3,1
1736,Travel_Frequently,No,5,4,9,1
1737,Non-Travel,Yes,9,8,9,5
1739,Travel_Rarely,No,4,3,10,0
1740,Travel_Rarely,No,21,8,21,12
1744,Travel_Rarely,No,5,0,9,0
1745,Travel_Frequently,No,9,7,10,0
1746,Travel_Frequently,No,2,2,3,2
1747,Travel_Frequently,No,4,2,6,1
1749,Travel_Rarely,No,5,2,6,0
1751,Travel_Rarely,No,6,2,6,1
1752,Travel_Rarely,No,2,2,2,2
1753,Travel_Frequently,Yes,3,2,10,0
1754,Travel_Rarely,No,7,7,12,1
1755,Travel_Rarely,Yes,5,0,6,1
1756,Non-Travel,No,11,7,13,1
1757,Travel_Rarely,No,5,1,8,0
1758,Travel_Rarely,Yes,0,0,11,0
1760,Travel_Frequently,No,6,1,9,0
1761,Travel_Rarely,No,1,0,10,0
1762,Travel_Rarely,No,1,0,1,0
1763,Travel_Rarely,No,7,0,10,1
1764,Non-Travel,No,7,7,12,0
1766,Travel_Rarely,Yes,1,0,15,1
1767,Travel_Frequently,Yes,1,0,6,0
1768,Travel_Rarely,No,5,3,7,0
1770,Travel_Rarely,No,1,0,34,0
1771,Non-Travel,No,9,8,11,1
1772,Travel_Rarely,No,5,3,5,0
1774,Non-Travel,Yes,15,14,15,0
1775,Non-Travel,Yes,3,2,27,0
1778,Travel_Rarely,No,9,7,10,1
1779,Travel_Rarely,No,2,2,6,2
1780,Travel_Rarely,No,1,0,1,1
1782,Travel_Rarely,No,5,4,5,0
1783,Travel_Rarely,Yes,1,0,1,0
1784,Travel_Rarely,No,12,7,13,5
1786,Travel_Rarely,No,2,2,15,2
1787,Travel_Rarely,No,5,2,5,0
1789,Travel_Rarely,Yes,2,1,24,2
1790,Travel_Rarely,Yes,12,8,15,5
1792,Travel_Frequently,Yes,5,3,6,2
1794,Travel_Rarely,No,10,0,19,4
1797,Travel_Rarely,Yes,10,7,10,7
1798,Travel_Rarely,No,10,8,14,7
1799,Travel_Rarely,No,5,3,5,0
1800,Travel_Rarely,No,4,3,9,2
1801,Non-Travel,No,2,2,6,2
1802,Travel_Rarely,No,4,3,7,0
1803,Travel_Rarely,No,0,0,10,0
1804,Non-Travel,No,7,7,15,1
1805,Non-Travel,No,11,10,13,3
1807,Travel_Frequently,No,7,1,11,0
1809,Travel_Rarely,No,10,3,10,0
1812,Travel_Frequently,No,2,1,7,2
1813,Non-Travel,No,3,2,7,1
1814,Travel_Rarely,No,3,2,11,1
1815,Travel_Rarely,Yes,22,14,23,13
1816,Travel_Rarely,No,7,7,9,0
1818,Travel_Rarely,Yes,5,1,6,1
1821,Travel_Rarely,No,9,7,13,3
1822,Travel_Rarely,No,5,3,12,0
1823,Travel_Rarely,No,10,8,10,4
1824,Non-Travel,No,16,9,37,14
1826,Travel_Rarely,No,5,4,6,0
1827,Travel_Rarely,Yes,22,11,28,14
1829,Travel_Rarely,No,7,4,15,7
1830,Travel_Rarely,No,7,1,14,1
1833,Travel_Frequently,No,3,2,9,2
1834,Travel_Rarely,No,3,2,3,1
1835,Travel_Rarely,Yes,4,2,20,0
1836,Travel_Rarely,No,5,3,5,1
1837,Travel_Frequently,Yes,2,2,23,2
1839,Non-Travel,No,0,0,0,0
1842,Travel_Rarely,No,1,0,2,0
1844,Travel_Rarely,Yes,2,2,4,2
1845,Non-Travel,No,8,7,10,5
1847,Travel_Rarely,Yes,1,0,15,0
1849,Travel_Frequently,No,7,7,7,7
1850,Travel_Frequently,Yes,5,4,6,0
1852,Travel_Frequently,No,11,8,11,3
1853,Travel_Frequently,No,0,0,4,0
1854,Non-Travel,No,6,3,10,3
1856,Travel_Rarely,No,2,2,7,2
1857,Travel_Rarely,No,9,8,12,4
1858,Non-Travel,No,3,2,3,2
1859,Travel_Rarely,No,7,0,11,1
1860,Travel_Rarely,No,0,0,8,0
1862,Travel_Rarely,Yes,2,2,7,2
1863,Travel_Rarely,No,19,17,25,2
1864,Travel_Rarely,No,9,8,9,5
1865,Travel_Rarely,No,1,0,1,0
1866,Travel_Rarely,No,16,12,21,6
1867,Travel_Rarely,No,22,10,29,12
1868,Travel_Frequently,Yes,1,0,1,1
1869,Travel_Rarely,No,8,7,14,0
1870,Travel_Frequently,No,7,6,8,7
1871,Travel_Rarely,No,2,2,7,2
1873,Travel_Rarely,No,5,2,19,0
1875,Travel_Rarely,No,1,0,1,0
1876,Travel_Rarely,No,1,0,1,0
1878,Travel_Rarely,Yes,1,0,1,0
1880,Travel_Rarely,Yes,10,9,10,1
1881,Travel_Rarely,No,10,8,10,0
1882,Travel_Rarely,Yes,5,3,9,1
1883,Travel_Rarely,No,3,2,11,1
1885,Travel_Rarely,Yes,5,3,16,0
1886,Travel_Rarely,Yes,3,2,4,0
1888,Travel_Rarely,No,9,8,10,3
1890,Travel_Frequently,No,10,1,10,0
1892,Travel_Rarely,No,19,7,22,11
1893,Travel_Rarely,Yes,1,0,1,1
1898,Travel_Rarely,No,8,7,9,0
1900,Travel_Frequently,No,22,17,24,4
1903,Travel_Rarely,No,2,0,10,2
1905,Non-Travel,Yes,5,2,5,3
1907,Travel_Rarely,No,4,2,5,1
1908,Travel_Rarely,No,4,2,12,1
1909,Travel_Rarely,No,5,4,14,1
1911,Travel_Rarely,No,13,7,18,5
1912,Travel_Rarely,Yes,5,2,8,1
1915,Travel_Rarely,Yes,4,2,9,0
1916,Travel_Rarely,No,2,2,4,2
1918,Travel_Frequently,No,7,7,8,7
1922,Travel_Frequently,No,4,2,12,0
1924,Travel_Rarely,No,10,4,10,0
1927,Travel_Frequently,Yes,7,7,7,0
1928,Travel_Frequently,No,1,0,1,0
1929,Non-Travel,No,3,2,10,1
1931,Travel_Rarely,No,5,3,6,1
1932,Travel_Frequently,Yes,15,10,16,6
1933,Travel_Rarely,Yes,2,0,6,2
1934,Non-Travel,No,8,7,16,1
1935,Travel_Rarely,No,0,0,6,0
1936,Travel_Rarely,No,10,0,10,7
1937,Travel_Frequently,Yes,20,11,20,0
1938,Travel_Rarely,Yes,1,0,29,0
1939,Travel_Frequently,Yes,4,1,8,0
1940,Travel_Rarely,No,5,2,10,0
1941,Travel_Frequently,No,5,4,28,4
1943,Travel_Rarely,Yes,0,0,14,0
1944,Travel_Frequently,No,1,0,1,0
1945,Travel_Rarely,No,5,3,6,0
1947,Non-Travel,No,5,3,5,1
1948,Non-Travel,Yes,4,2,4,2
1949,Non-Travel,No,5,4,5,0
1950,Travel_Rarely,No,14,8,14,2
1951,Travel_Rarely,No,8,7,9,1
1952,Travel_Rarely,No,7,7,8,7
1954,Travel_Rarely,No,5,3,6,0
1955,Non-Travel,No,5,1,9,1
1956,Travel_Frequently,No,10,8,10,8
1960,Travel_Rarely,No,4,1,6,0
1961,Travel_Rarely,No,1,0,20,0
1962,Travel_Rarely,Yes,10,8,10,0
1965,Travel_Rarely,No,7,7,7,0
1966,Travel_Rarely,No,1,0,8,0
1967,Travel_Frequently,Yes,10,7,10,0
1968,Travel_Rarely,Yes,2,2,15,2
1969,Travel_Rarely,No,4,3,9,2
1970,Travel_Frequently,No,9,7,9,2
1971,Travel_Rarely,No,10,9,10,0
1972,Travel_Frequently,Yes,6,2,7,1
1973,Travel_Rarely,Yes,10,9,35,1
1974,Travel_Rarely,Yes,1,0,1,0
1975,Travel_Rarely,No,20,8,21,11
1976,Non-Travel,No,20,9,20,3
1979,Non-Travel,No,11,7,13,4
1980,Travel_Rarely,Yes,5,2,9,1
1981,Travel_Rarely,No,4,3,4,1
1982,Travel_Rarely,No,5,2,5,1
1985,Travel_Frequently,No,10,9,10,9
1986,Travel_Rarely,No,11,8,15,5
1987,Travel_Rarely,No,2,0,6,1
1989,Travel_Rarely,No,12,8,12,1
1992,Travel_Rarely,Yes,2,2,7,0
1993,Travel_Rarely,No,17,14,25,12
1994,Non-Travel,No,1,1,1,0
1995,Travel_Rarely,No,15,13,16,5
1996,Travel_Rarely,No,2,2,3,1
1997,Travel_Frequently,No,8,3,10,7
1998,Travel_Rarely,Yes,4,3,9,1
1999,Travel_Rarely,No,5,3,12,1
2000,Non-Travel,No,13,8,14,5
2003,Travel_Rarely,Yes,2,2,5,2
2007,Travel_Rarely,No,3,2,4,1
2008,Travel_Rarely,No,10,7,10,0
2009,Travel_Rarely,Yes,9,7,10,8
2010,Travel_Rarely,No,6,2,6,4
2012,Travel_Rarely,No,1,0,8,0
2013,Travel_Rarely,No,2,2,3,2
2014,Travel_Rarely,No,7,7,18,1
2015,Travel_Rarely,No,18,16,20,1
2016,Travel_Rarely,No,14,10,14,5
2017,Travel_Rarely,Yes,16,11,16,6
2018,Travel_Rarely,Yes,5,3,6,0
2019,Non-Travel,No,9,8,16,0
2020,Travel_Rarely,Yes,4,3,6,1
2021,Travel_Rarely,Yes,2,2,2,1
2022,Non-Travel,No,6,0,21,1
2023,Travel_Frequently,No,1,0,1,1
2024,Travel_Rarely,No,9,7,10,3
2025,Travel_Frequently,No,4,2,18,0
2026,Non-Travel,No,13,12,13,1
2027,Travel_Rarely,Yes,2,2,4,2
2031,Travel_Rarely,No,22,6,24,4
2032,Travel_Rarely,No,10,9,14,9
2034,Travel_Rarely,No,20,7,21,0
2035,Travel_Rarely,No,8,7,8,1
2036,Non-Travel,No,15,12,15,11
2037,Travel_Rarely,No,5,4,14,0
2038,Travel_Rarely,No,4,2,4,1
2040,Travel_Rarely,Yes,9,0,9,1
2041,Travel_Rarely,No,10,7,10,1
2044,Travel_Frequently,No,6,3,12,0
2045,Travel_Rarely,No,6,3,8,0
2046,Travel_Rarely,No,5,3,8,0
2048,Travel_Rarely,No,2,2,8,2
2049,Travel_Frequently,Yes,10,2,10,0
2051,Travel_Rarely,No,5,3,20,0
2052,Travel_Rarely,No,4,3,4,1
2053,Travel_Rarely,Yes,4,3,10,0
2054,Travel_Rarely,No,5,4,5,0
2055,Travel_Rarely,Yes,3,2,20,2
2056,Travel_Rarely,No,20,9,21,9
2057,Non-Travel,No,9,4,10,1
2060,Travel_Rarely,No,4,2,5,0
2061,Travel_Frequently,No,5,2,17,0
2062,Travel_Rarely,No,7,7,9,1
2064,Travel_Rarely,Yes,6,2,6,0
2065,Travel_Frequently,No,9,6,17,0
2068,Travel_Rarely,No,4,3,6,1
